classPost|meanPost0|meanPost1|meanPost2|meanPost3
0.3333333333333333|13.684718291558426|0.9356439858488096|NaN|NaN
0.3333333333333333|14.15656173092241|-0.37293119326861285|NaN|NaN
0.3333333333333333|13.876481813940275|0.4655930321249625|NaN|NaN
0.3333333333333333|13.916261491071667|0.18793466915728407|NaN|NaN
0.3333333333333333|13.680268797259327|0.1404832961101325|NaN|NaN
0.6666666666666666|13.768753654049304|0.17565753002961157|16.353808316710182|-0.0530098635852311
0.3333333333333333|13.404455087242674|-0.22186407955201623|15.610453393223356|-0.05060032433135696
0.3333333333333333|13.968483115672148|0.04287607143541941|15.610453393223356|-0.05060032433135696
0.6666666666666666|13.79160919820293|0.0005355913938555667|15.485950071473528|1.2915260160283615
0.3333333333333333|14.002459385085887|-0.10673285678824508|15.518558084312769|0.9400167364103398
0.3333333333333333|14.204727097677472|-0.2889358057397726|15.518558084312769|0.9400167364103398
0.3333333333333333|14.273133449278363|-0.36829686669646733|15.445010415666735|0.935561680787542
0.3333333333333333|14.329003277634975|-0.25375475848068046|15.364908994369078|0.9307096400102375
0.6666666666666666|14.232037393782925|-0.26694599189233487|16.12896221745427|1.374488618393533
0.6666666666666666|14.215193937274469|-0.2666300643072577|15.583210552442818|1.2875391983299995
0.3333333333333333|14.503926283978629|-0.16780173355094133|15.608880896678329|1.2581078575994005
0.6666666666666666|14.343366392827834|-0.21318234867854594|16.002236226581797|1.8724730634728965
0.6666666666666666|14.323450878405675|-0.21288634870034134|15.945696305419428|1.58810424211541
0.3333333333333333|14.147684950419961|-0.3266594089483862|15.841306164017759|1.599915844046835
0.6666666666666666|14.196978382333166|-0.27440277482931696|15.584393822403836|1.4834873944618683
0.6666666666666666|14.174317064447623|-0.27396477116814205|15.715211631511904|1.3073231422418814
0.6666666666666666|14.149473026000011|-0.2734845793340491|15.8481417090268|1.7637166901297192
0.6666666666666666|14.122244980005268|-0.2729583088014803|15.790619338301592|1.9609016798307097
0.3333333333333333|13.998922001514975|0.2568946002076371|15.737888520118423|1.799123430201984
0.6666666666666666|14.012473911988971|0.027949238692049714|15.741208942329777|2.0869621417755333
0.3333333333333333|14.071217643004108|0.006041403328604301|15.699164426251722|1.9552520099230677
0.3333333333333333|14.696672675634208|-0.49065995344721675|15.669059023946552|1.951502533405178
0.6666666666666666|14.367643855863767|-0.2675282297485659|16.219866171246117|1.4724570227624103
0.3333333333333333|14.344815590675873|-0.4496342322184199|15.936762751478607|1.674769829576524
0.6666666666666666|14.317176644500373|-0.3687973552415478|16.4151544562992|1.5755957313370597
0.3333333333333333|14.086448392280445|-0.3193812066132804|16.162717565729732|1.613947683189116
0.3333333333333333|13.467706680473011|-0.06919051290777163|16.128968581558716|1.6105776376140895
0.6666666666666666|13.74776547774931|-0.18921813745039|16.48067806381435|2.3022946440840593
0.6666666666666666|13.722571342094028|-0.18887137655815042|16.249016604418806|2.4508472339833327
0.3333333333333333|14.203001280899413|0.03629345734344684|16.232872152978654|2.2514030085971335
0.6666666666666666|13.955745746390134|-0.061616985159732955|16.493065811570418|2.2297567438666763
0.6666666666666666|13.927572385898246|-0.061492594993354535|16.917571421503826|2.0818564680860354
0.6666666666666666|13.896712780362218|-0.06135634459936607|16.71631411782832|2.612451925479091
0.3333333333333333|13.621833377560694|0.22289808780709972|16.651506126848076|2.3997044162089356
0.3333333333333333|13.45106967172858|0.26503660554419034|16.62193625266798|2.395443002429534
0.6666666666666666|13.529508371447903|0.19476766388647537|16.398869636573973|2.133554473875117
0.3333333333333333|13.516786127476983|0.3667694871907704|16.452918428737043|2.242281973598972
0.6666666666666666|13.483793213372836|0.2917503041596463|16.630303319981678|1.8250963950944306
0.6666666666666666|13.455261371279017|0.29113295758087715|16.094228626351804|2.0298175214576086
0.6666666666666666|13.42401548427959|0.2904568869165199|16.114369342736396|1.9522898498721308
0.6666666666666666|13.389812193691363|0.28971682658820824|16.274167310940932|1.974099439914742
0.3333333333333333|14.298341183539174|-0.09727386635227417|16.19371788003149|1.9724137734043645
0.3333333333333333|13.655471013857948|0.1663376724627701|16.167085898930743|1.969169966965021
0.6666666666666666|13.720200784016233|0.1214356774863266|16.598860170944533|1.2261232949610423
0.3333333333333333|13.518471053626413|0.45266965679161725|16.366795886097414|1.5516166366972182
0.3333333333333333|13.814770535037018|0.19028389015726083|16.336611160723084|1.5487550428708585
0.6666666666666666|13.679443356235673|0.24227455274296364|16.1851385027604|2.1508153891532116
0.6666666666666666|13.651125854821569|0.2417730257574542|15.786146527121968|2.0661971653785223
0.3333333333333333|13.548965963803171|0.5876956000154507|15.94470064741489|1.9821136841176592
0.3333333333333333|13.8327201924981|0.006882223428188429|15.914707265034735|1.9783851541839024
0.3333333333333333|13.889823465109625|0.16859646507647844|15.881844605924893|1.9742999394308318
0.3333333333333333|13.826947349585542|0.4045723722244324|15.845852079692357|1.9698256454099503
0.6666666666666666|13.781769895661279|0.3035953385397059|15.63838958381238|2.664664434881315
0.3333333333333333|13.672509828217066|0.6113854655675974|15.674552147220616|2.3659459444905973
0.3333333333333333|13.532439541529847|-0.09470471387147293|15.63695434846228|2.3602708630810256
0.6666666666666666|13.58108320091295|0.16046452222016397|15.628320472786086|2.1268384293515137
0.6666666666666666|13.557887006723229|0.16019045231256415|15.399355721361449|2.6246695303554657
0.3333333333333333|13.635674270389387|0.2981054978526491|15.444386087543435|2.4454283176518214
0.6666666666666666|13.566582573509102|0.23672837646989026|15.784329424719239|2.0875774033508607
0.3333333333333333|13.752620941694932|-0.18418415840337934|15.592646447718357|2.233846828268246
0.3333333333333333|13.844596665953178|0.10814735715163742|15.558237635607473|2.228917324090998
0.3333333333333333|14.062582854332655|-0.3526542890264859|15.52056291832246|2.223519937060181
0.6666666666666666|13.890863346493392|-0.16660148274635186|15.06554766385126|2.195218566565205
0.3333333333333333|13.7778412893127|-0.12137416059210793|15.201698081018469|2.199408569275197
0.3333333333333333|14.00609812930648|0.09463729527763429|15.163275495331327|2.193849521610678
0.6666666666666666|13.89008673940329|-0.011912227592400626|15.24860828104039|1.918112739263232
0.3333333333333333|13.964867909595704|-0.04806360006161554|15.160172266968576|2.0238667772432493
0.3333333333333333|13.957833489991124|0.2262924945288344|15.120551709359734|2.0185774751938848
0.6666666666666666|13.910564522634276|0.10923242575084324|15.987144855809253|2.3934903834870487
0.6666666666666666|13.887879401535479|0.10905429129756199|16.040194974665614|2.205677772325246
0.6666666666666666|13.863011072654077|0.1088590132494522|15.817961622322867|2.0807240000858354
0.6666666666666666|13.835758574050462|0.10864501355695945|16.332072371464537|1.8864448260188373
0.6666666666666666|13.805904314777564|0.1084105835915855|16.070177542202646|1.9201994183737634
0.6666666666666666|13.773213083614468|0.10815387636198917|16.233842373040886|2.0687103800646742
0.3333333333333333|13.930853975864803|0.18349752964196608|16.12160331710162|2.011555712148772
0.3333333333333333|13.769033099854795|0.21609729304078798|16.093821952745227|2.008089322295158
0.3333333333333333|13.974501900356316|0.027617341345265046|16.063372831456846|2.004290065940017
0.6666666666666666|13.856470947768846|0.09738638524089584|17.121976593486576|2.174202320818265
0.6666666666666666|13.82833426414391|0.0971886343185125|16.52224890776119|1.4174275166715562
0.3333333333333333|13.363110318545715|0.2857954298742041|16.535077151265757|1.7128696227616564
0.6666666666666666|13.52207775336389|0.20450374884805822|16.619483054406558|1.4066779813031243
0.3333333333333333|13.770385951356728|0.2514758980311575|16.53921989672335|1.5371305773593074
0.3333333333333333|13.97430313521378|-0.5340715803327032|16.507178350564622|1.5341526835617767
0.3333333333333333|13.801915240512033|-0.31315833585725805|16.47207573652531|1.5308902986535404
0.3333333333333333|13.617688246481872|0.014675153228252202|16.43363489075261|1.5273176634370225
0.6666666666666666|13.667009948850104|-0.10927242000477702|16.648791443544404|1.8482181656684595
0.6666666666666666|13.64324514898946|-0.10908241229998858|16.303285834132634|1.1291596257016399
0.3333333333333333|13.467102823401943|-0.07387203078744578|16.356521779023183|1.3745608459642193
0.3333333333333333|14.025229188835842|-0.17000030565444432|16.320489222137464|1.3715327607426653
0.3333333333333333|14.032713538407357|-0.17384524806075438|16.281036329085197|1.3682172390943395
0.6666666666666666|13.894191572059047|-0.15556678169872437|16.179832210622454|1.4428381974238196
0.3333333333333333|13.98543728923737|0.26958292499015196|16.166579041901993|1.4071973482305915
0.3333333333333333|14.046250867058715|0.3940671133452648|16.125772562659627|1.4036454050995404
0.6666666666666666|13.964338649781922|0.2515127999319885|15.965208882693457|1.4012262966238973
0.6666666666666666|13.941133816432503|0.25109485585643726|15.669768774464796|1.7782750485513834
0.6666666666666666|13.915697410727883|0.2506367187559685|14.493076286537915|4.550751124905638
0.3333333333333333|13.079771142088|2.5674479936519057|15.014652848768435|3.2740539485497857
0.3333333333333333|12.817488814777258|3.495183246090039|14.983125483873001|3.2671791779798003
0.3333333333333333|12.158871825914538|4.368662819783135|14.948597952814607|3.259650199419055
0.3333333333333333|12.074681126780717|4.774632468219499|14.910801001852924|3.251408300136689
0.3333333333333333|11.832821094863597|5.596553936863468|14.86944450586256|3.242390216244957
0.6666666666666666|12.012854040377537|4.967964173646716|13.804818004156157|6.4788025509267735
0.3333333333333333|11.709284829533843|6.237789757710489|14.17787885449412|5.161716998743225
0.3333333333333333|11.803594592923107|6.182119133220455|14.138082591632635|5.1472284388812914
0.3333333333333333|11.857267910728579|6.335760320544805|14.094563947181776|5.1313846776861505
0.3333333333333333|11.618961455549352|6.352729501145447|14.047001831049243|5.11406881641684
0.6666666666666666|11.692288165859308|6.247535553956438|13.91361411374762|7.05265744782581
0.6666666666666666|11.675201152312523|6.238405456995932|13.667197875746771|8.429154134252034
0.3333333333333333|11.661563516573926|6.5782239625282175|13.72818540710066|7.543834898554947
0.6666666666666666|11.641551182951538|6.41056944907746|13.53505501291856|8.499415911405189
0.6666666666666666|11.622132067617999|6.399876064190092|12.922395615979557|8.453477016798052
0.3333333333333333|11.772450112643977|6.807774350061443|13.167580570777798|8.277495146754575
0.3333333333333333|11.816229413461347|7.544515895613303|13.137222353257183|8.258411155064508
0.6666666666666666|11.73495895879807|7.115090457775742|12.909902756937079|9.545354291880543
0.6666666666666666|11.71439736321263|7.102623638500083|12.759971564941152|9.615642189902896
0.6666666666666666|11.691862671101603|7.088960499722094|12.565367653453382|10.158222810284135
0.3333333333333333|11.652697919786279|7.641514792246365|12.653973131129215|9.775917548760217
0.6666666666666666|11.63664231877136|7.381911680458898|12.409582060429837|9.891383142971769
0.3333333333333333|11.11628359724057|7.556317089236454|12.482289369617817|9.81444191127685
0.6666666666666666|11.309343552681646|7.459862332691128|12.582228819729583|10.775169042747402
0.3333333333333333|11.034071704074588|7.563907847555845|12.504673518532254|10.328543813476962
0.3333333333333333|10.952940107492253|8.018916303633759|12.479444326622971|10.307705139550173
0.6666666666666666|11.00797667690968|7.775876792985465|12.254174896668225|10.769475357049652
0.3333333333333333|10.885098023858104|7.464978663937002|12.314371540306249|10.54063812094803
0.6666666666666666|10.910396622661695|7.581510357293786|12.879077016047628|10.913536745129521
0.6666666666666666|10.889167811552815|7.566758698223875|12.472667740113414|10.143508076096102
0.3333333333333333|10.201773824401663|7.471917445611674|12.505728636576253|10.377999971157251
0.3333333333333333|11.077852715606639|8.023179317507115|12.480937159295957|10.357426523741534
0.6666666666666666|10.790985616656407|7.775872039688648|12.134615834294621|10.909940575656156
0.3333333333333333|10.95344179376135|8.275537427744723|12.247844341684347|10.641633787909939
0.6666666666666666|10.853513458161718|8.035465647772115|12.81952144817975|10.94967620047783
0.3333333333333333|11.231334603958185|8.555491957321887|12.537326845658926|10.78601144819801
0.3333333333333333|10.964865679405127|8.73250397265338|12.510556635572792|10.762980717962266
0.3333333333333333|11.000200918495038|8.529773858093042|12.481241136613264|10.73776024542616
0.6666666666666666|10.972993246344656|8.515908473675147|12.448298809936668|11.454661972211648
0.3333333333333333|10.818114098922129|9.091014335961948|12.420711917738032|11.11942363550122
0.3333333333333333|11.040493389679117|8.764808238023816|12.390119637676468|11.092036435457187
0.6666666666666666|10.942834170017319|8.773216020023732|12.063645148452085|11.965700087912222
0.3333333333333333|11.072968306619423|8.790540391058796|12.15602790416588|11.565992147705488
0.6666666666666666|10.988939720341039|8.762253250220331|13.053516889650068|11.133460050991458
0.3333333333333333|11.589299371109304|8.851366505795815|12.637932703936832|11.276180803495828
0.3333333333333333|10.80160713494053|9.412788366175272|12.606897658548373|11.248489820227975
0.6666666666666666|11.006719530031543|9.11838977626058|12.345865009825209|11.060596798287225
0.6666666666666666|10.988147201597446|9.103003745095458|12.783823038943016|10.49520039437355
0.3333333333333333|11.03397300989273|9.108651148782085|12.59907196926469|10.729736146224257
0.3333333333333333|11.088933477884792|9.375975560310952|12.57039836754957|10.705316873001937
0.3333333333333333|11.084396032246872|9.19287115179776|12.53900777249517|10.678583729225288
0.3333333333333333|10.705991615236089|9.262080148831037|12.504658698375273|10.649331058626
0.6666666666666666|10.842441581240209|9.218496246576166|12.591860693222698|10.943227157259077
0.6666666666666666|10.825162532486337|9.203805197065916|12.460592637819047|10.507405707924402
0.3333333333333333|10.491341620881839|8.604611179288652|12.45345944954852|10.59964326198201
0.6666666666666666|10.614324190748825|8.850051566583744|12.52172558339442|11.625572297126467
0.3333333333333333|10.530785955898155|8.8682009618688|12.453365734238671|11.158515716148504
0.6666666666666666|10.54176259995199|8.838281992462546|12.639016150228608|11.30641004019424
0.3333333333333333|10.52012307476584|8.654027500630049|12.521590058268654|11.209036510713041
0.6666666666666666|10.503215728167634|8.713525367371444|12.732097656763045|11.282243150387325
0.6666666666666666|10.483574391230238|8.697230806535746|12.981479107447086|11.147805917045668
0.3333333333333333|10.358990038475815|9.065952833692206|12.793572207576158|11.156988815375678
0.3333333333333333|10.841609029054453|8.755900937844226|12.767314939126635|11.134090437529327
0.3333333333333333|10.560273547845835|9.469306182722221|12.73855614906065|11.10901053850629
0.3333333333333333|10.84842343481566|9.22411977190326|12.707070752166834|11.081552826516832
0.6666666666666666|10.70668680959364|9.17834048141289|13.334668420987114|11.626505220803859
0.6666666666666666|10.688686724359979|9.162909852507136|12.930166606142901|10.919494329716366
0.6666666666666666|10.668956406205607|9.145995976062634|12.897594998623305|10.977579596307283
0.6666666666666666|10.647337016707228|9.127462687348277|13.30935305313949|10.941086820471599
0.3333333333333333|10.669125586142734|8.653586342771911|13.103543510918712|10.949240849396888
0.3333333333333333|10.466251935878654|9.449753444126102|13.078409096288045|10.92823868619039
0.6666666666666666|10.517772287581412|9.16250693839339|13.416081471729239|11.439161444180904
0.6666666666666666|10.496665969000405|9.144120270080485|12.481325175516034|10.593423202440173
0.6666666666666666|10.473546642334258|9.123979979418397|12.769155477512388|10.971886036354642
0.6666666666666666|10.448232726770184|9.101927883152005|13.028303314763912|10.623675583630549
0.3333333333333333|10.976242630804562|8.987417978314948|12.88628824714846|10.72821235269696
0.6666666666666666|10.72144439264762|9.004077500047403|12.922955723814088|11.122334365168758
0.6666666666666666|10.694386034939534|8.981353365042361|12.80959719743419|10.655082914702362
0.6666666666666666|10.664779151905686|8.956488928907765|12.351147357821153|11.45525324389865
0.6666666666666666|10.63240034534291|8.929296577488197|12.30634794553665|11.234950845364212
0.3333333333333333|10.071206037125252|9.465365372708009|12.39902264479865|11.167843048478652
0.6666666666666666|10.249689940380705|9.21768936593829|12.036460211891722|11.063687920608752
0.3333333333333333|10.045378615535782|8.45891404890638|12.175013095667952|11.087198616458222
0.6666666666666666|10.089629209764045|8.731200475195918|12.346110227024893|11.12936088356622
0.3333333333333333|10.526691798854934|8.834817430872162|12.241531535659554|11.085567158364345
0.6666666666666666|10.311387299815639|8.761432015171527|12.500863528834689|11.129518236152116
0.3333333333333333|9.944097725765047|8.5649050159046|12.355893143141172|11.084172336845024
0.6666666666666666|10.062367554726052|8.617278811785305|12.85726030059644|11.490644396239185
0.3333333333333333|9.791888670649698|8.943280605356085|12.603315942059035|11.282232394609053
0.3333333333333333|10.785572769584407|9.233137175561017|12.581064099668245|11.262312997347632
0.3333333333333333|10.898791670617676|8.881753036765698|12.556677649734894|11.24048274277872
0.6666666666666666|10.64951062032318|8.9259877094669|12.032869215032763|11.080566744711396
0.6666666666666666|10.628330840375378|8.908235677261542|12.530178092166388|11.379521120069912
0.3333333333333333|10.934791352582355|8.723955589851904|12.373709767550755|11.244616167207191
0.6666666666666666|10.77182127165913|8.77752666975195|12.868465686349587|11.52997607452931
0.6666666666666666|10.748563659454367|8.758574971032333|12.864170232848105|11.054531311389152
0.3333333333333333|10.755171049720392|8.82932661201158|12.733694995114385|11.178197326134786
0.3333333333333333|11.237080621182038|8.851350080791509|12.710390758335874|11.157739842478618
0.6666666666666666|10.991847149692372|8.800229436362947|12.972614514027539|10.678209131284241
0.6666666666666666|10.968832507624503|8.78180358601816|10.476574078637539|12.74957120086201
0.6666666666666666|10.943627459553573|8.761624065419118|9.195963816757368|13.282188084210034
0.6666666666666666|10.916035360267795|8.739533437607527|8.501386920021723|13.637831739005716
0.6666666666666666|10.885844308180353|8.715362051153875|8.53415930067458|14.027954463146873
0.3333333333333333|6.695745770099562|11.023821368349928|8.85083008233478|13.616655281806961
0.6666666666666666|8.34514278520614|10.059658741559899|7.824033765964924|13.908992828216281
0.6666666666666666|8.321768965949412|10.03148275329204|7.62153779953653|14.155360651403013
0.6666666666666666|8.296208530129496|10.000670906418703|7.251385250304137|14.338047869751827
0.3333333333333333|7.125433571962423|11.863139625156743|7.540435283799485|14.140350572265532
0.6666666666666666|7.5523384298353164|11.089389988089167|6.972804673581421|14.828637950447275
0.3333333333333333|5.638923426367047|11.796060612033846|7.2153804281681895|14.484831571248206
0.3333333333333333|4.884643144168782|12.971604397757083|7.203929303539285|14.461843509398618
0.3333333333333333|4.6930468937723955|12.932524196683154|7.191374973925018|14.43664077036594
0.6666666666666666|5.0274555607246185|12.643572077233957|6.447264952921756|14.575001654244005
0.6666666666666666|5.016404997331632|12.615780962411426|6.482094616495015|15.186688757405703
0.3333333333333333|3.7240582349854083|13.442363491901771|6.593388771593921|14.845948350697757
0.6666666666666666|4.255249593763085|13.052787020022715|5.7431232101391645|15.63180937973207
0.6666666666666666|4.245288592557869|13.022232096187354|5.499702610113534|15.57899013383216
0.6666666666666666|4.234385216188599|12.988786478859565|5.290342317201918|15.192687826790324
0.6666666666666666|4.222456008394055|12.952194169706184|5.830433552658447|15.412166828078842
0.6666666666666666|4.209411272707249|12.91218002884311|5.342104919016506|15.365798542208381
0.6666666666666666|4.195154841247322|12.868449065614836|5.280859612897198|14.948338027658485
0.6666666666666666|4.179583887946215|12.82068586567565|5.306507173481411|15.401152126417674
0.3333333333333333|3.529392991882449|13.164069673575185|5.327857154099283|15.243085521552223
0.3333333333333333|3.342157899922712|12.757728999062996|5.320316159342762|15.221510613542012
0.6666666666666666|3.496408539776693|12.810437992619681|4.931459648300495|15.675533069770383
0.6666666666666666|3.4862822905720474|12.773336582398835|4.502004565845697|15.455272714772784
0.3333333333333333|2.3723005159703874|13.86232195916254|4.766542249673481|15.424694885032107
0.3333333333333333|2.3110338356113407|13.610177667823713|4.759138775215613|15.40073698670244
0.3333333333333333|2.221856092392855|13.699550231973706|4.751021471162716|15.37446911121816
0.6666666666666666|2.339472272117237|13.579363936799073|4.955567765213208|15.458040159024586
0.6666666666666666|2.3342107756188275|13.548823811722302|4.710565775661214|15.671181603803499
0.3333333333333333|2.087531780430168|13.754239904733009|4.766409701438721|15.51677120196244
0.3333333333333333|2.1449638175660297|13.339503154405149|4.757924176853902|15.489147067286915
0.6666666666666666|2.1575233609961066|13.435647983203351|4.764446164571318|15.334526045801574
0.6666666666666666|2.152883107927588|13.406751514266482|4.362530452153035|15.406670998390922
0.3333333333333333|2.3185605690745112|14.207111624588165|4.526566412439371|15.36084351692091
0.3333333333333333|2.3813833631350003|13.93676970957832|4.518259549962978|15.332654288488119
0.3333333333333333|2.6668825991474625|13.525674463020758|4.509157144440237|15.301765395202882
0.3333333333333333|2.15683349011203|13.39170243611163|4.499186764430084|15.267931041923692
0.3333333333333333|2.4213167650547422|14.140173892633804|4.488270148908971|15.230885650897642
0.6666666666666666|2.367382656539207|13.82370610955958|4.232040289261401|15.461255750075548
0.3333333333333333|2.1991864230716853|13.608612147348664|4.323100361526932|15.313768532169645
0.6666666666666666|2.269068370454912|13.67255963484892|5.016319731609938|15.478953434387261
0.3333333333333333|2.7751558453553096|13.788656034685987|4.711513341382111|15.359572318195072
0.6666666666666666|2.5436296847939692|13.703767133789668|5.26670870983133|15.494061198113348
0.6666666666666666|2.5390583758969587|13.679139275027152|5.1604232374712895|15.782246744041258
0.3333333333333333|2.213254008872934|13.515085352542394|5.088756827636179|15.582173068318001
0.6666666666666666|2.349341063159155|13.550488298761213|4.724792130400487|15.53461534145261
0.6666666666666666|2.3446744586641786|13.52357233896477|4.761063187369407|15.669697836746522
0.3333333333333333|2.5135468532476835|13.860019719421276|4.7994283542176355|15.572248920674785
0.6666666666666666|2.433932687410991|13.675724019639317|4.596693441844067|16.027285190227204
0.6666666666666666|2.4286828409589805|13.64622630526351|4.470507178801976|16.15357441329243
0.3333333333333333|2.5098645832249598|13.569559970389214|4.5528945787425394|15.96368912911965
0.3333333333333333|3.0761231912854172|13.623351695924757|4.544556325319766|15.934452940312976
0.6666666666666666|2.807460065198632|13.569927542235519|5.018452243757838|15.969321758140708
0.3333333333333333|2.6443453694753094|13.663645416935365|4.798952522176785|15.910845161668947
0.6666666666666666|2.7073046063704496|13.584892928438169|4.899302459516361|16.19043691973919
0.3333333333333333|2.604519751804509|13.833983416586328|4.842399927993439|16.024984541820444
0.6666666666666666|2.6416081967134497|13.687762213443861|5.035954345691392|16.09969124939906
0.3333333333333333|2.3491558952215317|13.87559121527756|4.938220992233394|16.023352473311345
0.6666666666666666|2.4689146834918914|13.755749425167101|4.588272760772433|15.89299683934366
0.6666666666666666|2.4637920116032266|13.727208061887525|4.534967250509213|15.724787540693837
0.6666666666666666|2.458181569299516|13.695949047953095|4.571292389483475|16.201745552062604
0.6666666666666666|2.4520395212633006|13.661728151496673|4.783030626002339|15.694131412248574
0.6666666666666666|2.44531862192453|13.624282140164622|4.886674975577314|16.05919998160054
0.6666666666666666|2.4379680586288717|13.583327907316894|4.6578987751316125|15.88235370373627
0.6666666666666666|2.4299333116244126|13.53856169193207|4.789544219190822|16.23219025288243
0.3333333333333333|2.107063827724692|13.773319728709712|4.747010573978044|16.04732417325113
0.6666666666666666|2.2214454146654687|13.624394553634406|4.422949034937198|15.87911859393194
0.6666666666666666|2.2143560766860575|13.580914782707822|4.61223971589641|16.500076529999077
0.6666666666666666|2.206609884287781|13.53340644384622|4.228387681800853|16.230747295880473
0.6666666666666666|2.198151427914621|13.481529703512274|4.156867122153637|16.10254770317358
0.3333333333333333|2.265671224779185|14.090957335828726|4.257497486227396|16.127631268114108
0.3333333333333333|2.302868123715765|13.514443389155591|4.251531108831246|16.105030307112298
0.6666666666666666|2.267977151047878|13.590934652660394|4.183665602851112|16.142123744658505
0.3333333333333333|2.3978725845915996|13.756891631334078|4.205331887966332|16.09042480264535
0.6666666666666666|2.336762725323944|13.639401826329358|4.372612025047849|16.143188224554326
0.6666666666666666|2.33036215605085|13.602042476453184|4.6124443075619626|15.877024927631597
0.3333333333333333|2.780002171525445|13.97927711289332|4.458263455734159|15.947567692745858
0.6666666666666666|2.5894836316298835|13.775860429763949|3.9036552111250926|16.18766866702813
0.6666666666666666|2.5822841261469094|13.737559595773217|4.124232349702918|16.05693418111675
0.6666666666666666|2.5744107676780534|13.695673913988777|3.9464769404628854|15.930362426818553
0.3333333333333333|2.6702543249468778|13.10008833464693|4.023834739757979|15.95281314655528
0.3333333333333333|2.7296998084957105|13.459913517120656|4.017720660775513|15.928573393712838
0.3333333333333333|1.9986631752439894|12.875398474262788|4.011016598294117|15.901994604322754
0.3333333333333333|3.251259458483183|13.163522348096178|4.0036679231632|15.872860196768704
0.3333333333333333|2.474970724244603|13.213081288922826|3.9956154190567004|15.840935403212054
0.6666666666666666|2.624930516987402|13.135665265453794|4.134232170083064|15.814687746407536
0.6666666666666666|2.619865787387615|13.11032036879756|4.202105962562018|15.854754853407078
0.3333333333333333|2.2160123050236677|13.517441992925619|4.1337290516931935|15.793114550757114
0.3333333333333333|2.396941177952629|13.639150314792028|4.125475692008349|15.761582185354994
0.3333333333333333|2.7142908415100884|13.433647488866542|4.116434978435064|15.727041695812025
0.6666666666666666|2.5643032064809|13.426731495234508|4.098853619891503|15.759562003522634
0.3333333333333333|2.6786748137190366|13.701099984818471|4.09336863812352|15.696387970834376
0.6666666666666666|2.621471270207001|13.545786409211882|3.2182329504047105|16.287238993666428
0.6666666666666666|2.616623862307137|13.520738661103357|4.413500524858693|16.15969627331705
0.6666666666666666|2.6113123771008744|13.493292911482746|4.158473008818919|16.393736368250526
0.6666666666666666|2.6054945938083267|13.463230995202538|4.075870612888881|15.991337896081854
0.3333333333333333|2.559202052501587|13.859543733621502|4.080284923839195|16.065277852903854
0.3333333333333333|-0.6452352149369557|13.364033003057001|4.072975615822655|16.036498964568846
0.6666666666666666|0.7389539312258738|13.460725737730924|1.0287535095041598|15.522343734584142
0.6666666666666666|0.7373744081933369|13.431953272440511|0.30218448002734594|15.579390121586828
0.3333333333333333|-1.5800320412485984|12.82008468222591|1.2104041742211096|15.608972275297399
0.6666666666666666|-0.5962826995990286|13.039069720789245|-0.2990044735627398|15.691505795449704
0.3333333333333333|-2.730638429809345|12.574867892506386|0.3669740914072863|15.615544531571041
0.6666666666666666|-1.8165819087182988|12.733917829594693|-0.8569967668380434|15.103898625183456
0.3333333333333333|-3.348375745643435|12.694360737034954|-0.31691632906189005|15.290064154555347
0.6666666666666666|-2.685909049756024|12.673506907401924|-1.696892131661611|14.978074396625468
0.3333333333333333|-3.9468558436616075|12.75274658884507|-1.0875237398788296|15.076001246338128
0.6666666666666666|-3.3965338597644954|12.681506226572889|-2.3764352280288694|14.320624294231662
0.3333333333333333|-4.420126357227933|12.30095510215452|-1.8063268439052207|14.61355600855093
0.6666666666666666|-3.9689140927487805|12.428264895807086|-2.400213325733747|14.707986830170368
0.6666666666666666|-3.960355156605248|12.401463427412377|-3.29258989413315|14.354293335563108
0.3333333333333333|-5.003940174560224|12.497828995739717|-2.773489609853815|14.451671478101368
0.6666666666666666|-4.548364242065797|12.418439185658148|-3.632514360971141|14.137346256887673
0.3333333333333333|-5.009965965631639|12.528935924984257|-3.244434839258144|14.2405338106811
0.6666666666666666|-4.799119416701223|12.444068901957136|-3.9599255064367194|14.017382077769225
0.3333333333333333|-5.338126928308749|12.175512135671228|-3.6351329604441567|14.079790416327432
0.3333333333333333|-5.718377655739117|11.895288968733654|-3.6282393741226735|14.053089810963197
0.6666666666666666|-5.4357575823785655|12.029101464475126|-4.159019867951654|14.589661491845193
0.3333333333333333|-6.128777642382717|12.544857924913721|-3.9181954850256164|14.317208358368987
0.3333333333333333|-6.397865128086797|12.023916103532606|-3.9100590931026735|14.287477728825024
0.3333333333333333|-6.6749287789059215|12.310246725112426|-3.9011480022348017|14.254916325203569
0.3333333333333333|-6.279023215677223|11.992364919027107|-3.8913925976651678|14.21926977301458
0.3333333333333333|-6.490288352921358|11.80714519560372|-3.8807178501575317|14.180263913091586
0.3333333333333333|-6.876690021965368|12.378810414412282|-3.8690430672916953|14.137603892817536
0.6666666666666666|-6.653686913590562|12.147134753461986|-4.358597304185906|14.738258159715873
0.3333333333333333|-6.855104702874078|11.882654692846108|-4.149418845584303|14.44389135942539
0.3333333333333333|-7.048930981638083|11.963803564587476|-4.137036900326052|14.400790511141818
0.3333333333333333|-6.938809605963418|12.338485247966304|-4.123501831096012|14.353675703797398
0.6666666666666666|-6.912666792819113|12.14497913302375|-4.919673238916409|14.01514712202009
0.6666666666666666|-6.9024496583908626|12.127028479802723|-4.732567221502037|14.197446391938051
0.3333333333333333|-6.8811933919424755|11.756311953690988|-4.664625626925057|14.116877917928877
0.6666666666666666|-6.875162142832378|11.896233043045033|-4.872250942329831|13.302025708068703
0.3333333333333333|-6.51771978681049|11.989673802604583|-4.770270883093209|13.59050636119463
0.6666666666666666|-6.662205638106575|11.919900186495273|-4.57170624003857|13.755010315838044
0.6666666666666666|-6.650623549074072|11.899177718184045|-4.65351087139112|13.46147373235088
0.3333333333333333|-6.768092279169442|12.05419027114052|-4.637970997867219|13.511258147179932
0.3333333333333333|-6.438016317415394|12.327578806171074|-4.627750621571696|13.481484320962899
0.6666666666666666|-6.5435042898803415|12.141611036960414|-4.913702992190218|14.157838311240017
0.6666666666666666|-6.531695966560966|12.119700442515745|-5.532803192162|13.469834173388204
0.6666666666666666|-6.518755937522346|12.095689944098728|-5.224261977082003|14.057166346277938
0.6666666666666666|-6.5045809951900635|12.069388037865384|-5.747034342193495|14.292650636990693
0.3333333333333333|-7.018139369416899|12.03573784304213|-5.495991224813906|14.06408733595197
0.3333333333333333|-6.993466773553558|11.957332271556279|-5.485982438784214|14.038475133331831
0.6666666666666666|-6.887954209240469|11.95815212859325|-5.449472983808244|13.81550398515663
0.3333333333333333|-6.71054346498922|12.0948305502004|-5.45063337022287|13.875157818284334
0.3333333333333333|-6.68304604636125|11.834399788440853|-5.43968699664234|13.84729267846453
0.6666666666666666|-6.708639067639826|11.887103131972951|-5.650929812158796|14.296489716737545
0.6666666666666666|-6.695679557021682|11.86414004844669|-5.633010675450977|14.339845725996213
0.6666666666666666|-6.681481802924825|11.838982909198307|-5.565234964520403|14.166662800363762
0.6666666666666666|-6.6659336550989625|11.811432994103201|-5.431895131850945|14.268207077364213
0.3333333333333333|-6.712912384535823|11.769940832763286|-5.482446040553134|14.194618238005283
0.6666666666666666|-6.67128202222916|11.748385827285643|-5.580983826220892|14.534440459587474
0.3333333333333333|-7.173627348003418|11.893080718132405|-5.5237513059739225|14.348399725688585
0.3333333333333333|-6.532466813914583|11.656441333653422|-5.513869151465373|14.322730014076782
0.3333333333333333|-6.957635044052936|12.183968832593372|-5.503039540862574|14.294599207095215
0.6666666666666666|-6.830297074006682|11.94735665486787|-5.646657533716728|13.979845452550967
0.6666666666666666|-6.816862153244257|11.923856682869664|-5.441760426911046|14.252479868485297
0.6666666666666666|-6.802144652559488|11.898113259436684|-5.115856450460308|14.102324290950394
0.3333333333333333|-6.639941681502259|11.95156142000502|-5.272229078870787|14.099603564701408
0.6666666666666666|-6.687715232780773|11.891933565128411|-5.271027709151781|13.676262039332745
0.6666666666666666|-6.67228351601865|11.864493259412113|-4.902696945061583|13.520597444088287
0.6666666666666666|-6.655390674400972|11.834454816797367|-4.877640989514224|13.662394470846916
0.6666666666666666|-6.636907071046202|11.801587720115123|-4.952945124663554|13.984666880718867
0.3333333333333333|-6.535070637133832|11.906334870371237|-4.944357934300485|13.803435830757433
0.6666666666666666|-6.551020283843645|11.819491347973578|-5.097035086870773|13.72587992319063
0.3333333333333333|-7.048610987002742|11.465980421243149|-5.016909444440523|13.73042438827021
0.6666666666666666|-6.821153843012594|11.56904302841152|-5.285983123786316|13.83962973429086
0.6666666666666666|-6.8031413884288|11.538492938657912|-5.255802313915693|13.787330599106964
0.3333333333333333|-6.993274106618363|12.071530109941822|-5.201611665343599|13.754097922611582
0.6666666666666666|-6.891020919993104|11.812271278609462|-5.015946667364045|13.023788393598688
0.6666666666666666|-6.872391317487677|11.780337270403463|-5.222557202994563|13.334863495501503
0.3333333333333333|-7.079744267636867|12.615253362630616|-5.15390934629942|13.309736324834466
0.6666666666666666|-6.97020300883395|12.233046445233205|-5.331639349158414|13.233525795805944
0.6666666666666666|-6.951016608269822|12.199373375895002|-5.276742699096447|13.45775523898263
0.3333333333333333|-7.049780282269166|12.10448336085655|-5.2522875452161415|13.33855303507983
0.3333333333333333|-7.038057501774917|12.360622394193692|-5.243936572460085|13.317345153363107
0.3333333333333333|-6.6890607307039005|12.481323301298845|-5.234781120562236|13.29409424037552
0.3333333333333333|-7.282741718518958|12.291026076708096|-5.224746977154228|13.268611828596447
0.3333333333333333|-6.742126571482349|12.571732168347681|-5.213753755691641|13.240693770751603
0.3333333333333333|-6.9483980020088305|12.12953299429802|-5.201714520117108|13.210119286618689
0.6666666666666666|-6.9033598868412005|12.243163360592028|-5.662973019609714|13.710604191205844
0.6666666666666666|-6.891275824607963|12.221732180643972|-4.868969202380912|13.55007998392756
0.3333333333333333|-6.717962471209686|12.242705244403378|-5.1089521152277255|13.483471627219211
0.3333333333333333|-7.139571659226293|12.138160962799331|-5.097774040598887|13.4539706163063
0.6666666666666666|-6.96636842456619|12.14627130762943|-5.5255371805004|13.680458332807556
0.3333333333333333|-6.912192791794485|11.849707601500768|-5.3283346293402944|13.54230556724415
0.6666666666666666|-6.918930213758779|11.95125847140653|-5.111734196579508|13.83727390445826
0.3333333333333333|-7.1207514656740765|12.10945914716555|-5.187664437262854|13.670133550994912
0.3333333333333333|-7.0422254190621345|11.662948604745091|-5.175844974727788|13.638987814159126
0.6666666666666666|-7.018230270577617|11.798734196069724|-5.1346487542060535|13.733196633527951
0.6666666666666666|-7.005840363957031|11.777904840335518|-4.534252046778118|13.492992612908639
0.6666666666666666|-6.992261895387099|11.755077327519652|-5.2616712170072395|13.59483075978633
0.3333333333333333|-7.1759123642851135|11.818501328924382|-5.043113147165064|13.543370816407416
0.3333333333333333|-7.611533880500033|11.826559622506576|-5.033082591730879|13.516433579868103
0.6666666666666666|-7.363460799084235|11.77536098662011|-5.249935873325827|13.833631032540001
0.6666666666666666|-7.349125663525098|11.752436793688712|-5.3250727519518755|13.758471406326723
0.6666666666666666|-7.333421343080254|11.727323053379186|-5.468525112187759|14.409389717762926
0.6666666666666666|-7.3162239289502455|11.69982161554408|-7.055564775137208|12.371535613149957
0.3333333333333333|-8.824166469154497|9.509445584536891|-6.2834017223668726|13.110927417175686
0.6666666666666666|-8.169699883394818|10.386071244284722|-8.02155311193393|11.355497718793151
0.6666666666666666|-8.149565577351892|10.36047466913499|-7.705691485191217|10.564008978504216
0.3333333333333333|-10.366045351036997|8.257369736799372|-7.479376144283171|11.243172092305782
0.3333333333333333|-11.055553783479215|7.689049117957105|-7.466781269116076|11.224239183162954
0.3333333333333333|-11.272808959563728|7.3165201310901065|-7.452975808882764|11.20348649440625
0.6666666666666666|-10.847708216657145|7.714311291007523|-8.770170248594098|10.020659732865738
0.3333333333333333|-11.543238436132384|7.005691806372961|-8.174864063087998|10.50629844708526
0.6666666666666666|-11.210550038546918|7.29239857453074|-8.894469545598247|9.927828448227526
0.3333333333333333|-11.727402895876951|6.660559959455477|-8.558088129088771|10.151458471128297
0.6666666666666666|-11.47139024286096|6.915162424002997|-9.744594868641073|9.131815405902302
0.6666666666666666|-11.447678087034735|6.90086830572351|-10.435651772179932|8.730159392783161
0.3333333333333333|-11.92743045263647|5.957822602747744|-9.874366440148515|9.076122676882681
0.3333333333333333|-11.784584292389082|6.355550651811022|-9.855713257297374|9.058977417295905
0.3333333333333333|-12.465449313694787|5.905986654503767|-9.835275984416645|9.040192293513966
0.6666666666666666|-12.115470957842621|6.086176929875231|-10.194905378218477|8.527686734587517
0.3333333333333333|-12.498077631577972|5.376815664987199|-10.011484096324844|8.719811816323192
0.3333333333333333|-13.050475137662472|5.836826061107434|-9.989121848629111|8.70033472483299
0.6666666666666666|-12.694035740690016|5.755025273840409|-10.420749953921055|8.584429056890935
0.6666666666666666|-12.671334793878012|5.744733470247608|-10.4986078269839|7.69098418217801
0.6666666666666666|-12.646457346107841|5.733454918367763|-10.104722809283135|7.246092329273614
0.6666666666666666|-12.619204734369163|5.721099551442845|-10.434072476435448|7.79272681131457
0.6666666666666666|-12.589362202991198|5.707570006873732|-10.461823570974008|7.652850016734349
0.6666666666666666|-12.55669801940838|5.692761225339747|-10.479178419292674|7.789420507424218
0.6666666666666666|-12.520962632894909|5.676560069398754|-10.553731613247285|7.814024680818611
0.3333333333333333|-13.278105252382808|6.369646481425989|-10.476750006472729|7.759367494013501
0.6666666666666666|-12.926417683743226|6.069997485683023|-10.55599319364635|7.414214037987569
0.3333333333333333|-13.06603756593285|5.639875010080583|-10.497045771494305|7.553788245755045
0.6666666666666666|-12.962380699427097|5.793783083459524|-10.266753198237025|6.99618172502522
0.6666666666666666|-12.927656484167633|5.778262433694501|-10.684897734942483|7.26069473988087
0.3333333333333333|-13.426134329456247|6.038353796607201|-10.515984536906416|7.236381646296003
0.3333333333333333|-12.818296470666523|5.35774409770898|-10.499041674760907|7.224722726844838
0.6666666666666666|-12.939910698269209|5.5776731033796425|-10.752054118880597|6.988826993886998
0.6666666666666666|-12.908822224558728|5.564272597944681|-10.299344025399188|7.34030662441898
0.3333333333333333|-13.662383855742947|5.342399138080985|-10.424396674687474|7.210430828570512
0.3333333333333333|-13.563966903088135|5.42551699016504|-10.406583017536919|7.198109334416338
0.6666666666666666|-13.426230190626347|5.410317897086612|-10.751346506436034|7.378680856874952
0.6666666666666666|-13.39609631163784|5.398174960276696|-10.736159116638198|7.31513720741231
0.3333333333333333|-13.631523383535491|5.869794933332346|-10.645706028211835|7.287793815266469
0.3333333333333333|-13.622060479030074|5.312309811420803|-10.626728252660525|7.274802087435188
0.6666666666666666|-13.538407091738918|5.448575550160946|-10.662241255503316|7.031838346724434
0.6666666666666666|-13.509328597010668|5.4368728162766535|-10.821707662572662|7.192758651475093
0.6666666666666666|-13.477486186805741|5.424057735704388|-11.006452343646684|6.631622083340991
0.3333333333333333|-13.643960104357573|5.596073953043169|-10.857879613015676|6.852594536084566
0.6666666666666666|-13.529591874604622|5.506201126094501|-10.369657424349668|6.514771901560813
0.6666666666666666|-13.496113546916993|5.492576294885852|-10.566001787372294|6.418274476117189
0.3333333333333333|-13.389794157583868|5.215529342391438|-10.548125135827824|6.512577129817832
0.6666666666666666|-13.38706337910976|5.311051265591271|-10.606685814041757|6.563906051041457
0.3333333333333333|-13.055082760664737|5.1900121005877455|-10.555773409237908|6.525654364881556
0.6666666666666666|-13.14949787803896|5.22301036456006|-10.499582874454374|6.625905149635767
0.3333333333333333|-13.096543392207037|5.305936208368387|-10.499417382537223|6.565426294426318
0.6666666666666666|-13.076764132646817|5.254254974253096|-10.822676322561513|6.391513080317493
0.3333333333333333|-13.281749793219085|4.980389140963908|-10.652918572376855|6.4528854218888565
0.3333333333333333|-13.482133102344756|5.2758856027385885|-10.63348438378432|6.44111338107178
0.3333333333333333|-13.29808126811757|4.426276698589778|-10.612188510860085|6.4282136459423365
0.3333333333333333|-13.453424726437168|4.755882738649269|-10.588861354732103|6.414083483894286
0.3333333333333333|-13.430562009496786|4.768016268840207|-10.563319646064047|6.398611881591645
0.6666666666666666|-13.375794324199337|4.750449028476446|-10.49467798044219|6.7095866341514565
0.6666666666666666|-13.352990561480503|4.742350211327523|-10.789401435421965|6.759290456221949
0.3333333333333333|-13.506352402743342|4.6666742468720885|-10.638894041985628|6.660147642105326
0.3333333333333333|-13.068564317331496|4.815207786398381|-10.614955256279497|6.645161512292739
0.6666666666666666|-13.197095961001514|4.750704077826587|-11.145531338251521|6.185599559850656
0.6666666666666666|-13.173609066570748|4.74224924159008|-11.475258744557976|6.742639751053117
0.3333333333333333|-13.420148420049152|4.790743343232927|-11.200534573717322|6.56420522468602
0.3333333333333333|-13.55417783753911|5.1816137107951885|-11.17643747039824|6.550082833431759
0.6666666666666666|-13.40862364462727|4.984644344432931|-11.633770891524325|6.511278460766751
0.3333333333333333|-13.584015297451105|5.284464145051007|-11.404827253637379|6.507496493261138
0.6666666666666666|-13.472522827582807|5.138951342445624|-11.503020207183303|6.447487092369832
0.6666666666666666|-13.447340646754967|5.129345865904438|-11.885212839834525|6.459238129813153
0.3333333333333333|-13.147596103438303|4.873273754026422|-11.664019425521168|6.444618074393525
0.6666666666666666|-13.241084339991383|4.970687122411609|-11.807798380143263|6.640222364373126
0.6666666666666666|-13.213913959543946|4.9604873942977115|-11.517465411452045|6.7409198872490625
0.6666666666666666|-13.18415504033171|4.949315931847434|-11.651589677559835|6.3991469324710515
0.3333333333333333|-13.368767056466039|4.157194371176862|-11.602428853242076|6.495946628249179
0.3333333333333333|-13.071575951434058|4.583942090807111|-11.58179179018392|6.484392387160071
0.6666666666666666|-13.12198104802919|4.528176275562987|-11.287667331663114|6.973259261885725
0.6666666666666666|-13.093733962276982|4.518428678527998|-11.114059066589558|7.230167959470281
0.3333333333333333|-12.969392739830313|4.515868157100285|-11.216156545656919|7.001354761416168
0.6666666666666666|-12.981684240932827|4.502965136318179|-11.504267043326237|7.495367619432651
0.6666666666666666|-12.95179993607876|4.4925991483320695|-10.830519846235434|7.112166307612565
0.3333333333333333|-13.13755722700606|4.117328631678726|-11.04462041637268|7.166269947616273
0.3333333333333333|-13.14858310722414|4.402770890683132|-11.025249841592382|7.153701406309926
0.6666666666666666|-13.066240812014481|4.332929303606561|-11.37784518319803|6.840948805787966
0.6666666666666666|-13.03770957736154|4.323467988414657|-11.215349360043819|7.081941050813374
0.6666666666666666|-13.006468788203017|4.313108150970954|-10.97272555955757|7.025071541824358
0.3333333333333333|-12.869601333641695|4.786975769560739|-11.051881195646295|7.010061795528942
0.3333333333333333|-13.235345289022765|4.53312846228991|-11.032965850345983|6.9980640426494425
0.3333333333333333|-12.847740209163616|5.075723989800351|-11.012233613236473|6.984913859370737
0.6666666666666666|-12.91523152531903|4.834448338811002|-10.984004316738254|7.1798763337473055
0.3333333333333333|-13.290945006547295|4.57231728888451|-10.965771602876764|7.075650381718609
0.6666666666666666|-13.091621947864066|4.673308273967626|-10.883636823962199|7.330083872541353
0.3333333333333333|-13.335370648297468|4.575687221963539|-10.889024683872632|7.1997167008709
0.6666666666666666|-13.193088055605973|4.60538335681474|-11.04524189438334|6.965583334169049
0.3333333333333333|-13.625278259232259|4.966016654454204|-10.94708254077203|7.047599843870488
0.3333333333333333|-13.522159016402014|4.660162035515496|-10.92454995038027|7.033093633660094
0.3333333333333333|-13.597876806865616|4.4849101251060945|-10.89987099502453|7.01720561954636
0.3333333333333333|-13.803942066735093|4.758445105991529|-10.872852608923651|6.999811508105527
0.6666666666666666|-13.649520761635136|4.670362442230474|-11.332930551137451|7.401779607265008
0.6666666666666666|-13.626610169848455|4.662523282945809|-10.678401662153496|6.996743013590312
0.3333333333333333|-13.602575534413232|1.7764760481147386|-10.836812280077519|7.07304773030618
0.3333333333333333|-13.714082403600196|1.0586200813772741|-10.812003132664909|7.056855119484621
0.3333333333333333|-13.66963037868905|0.6467279951391286|-10.784843941025922|7.039128665079551
0.6666666666666666|-13.631793738168462|1.2303607597008277|-10.828402502955692|3.867241743204762
0.3333333333333333|-13.601361673116148|-0.3882138764687628|-10.772712214508156|5.1495842252339195
0.3333333333333333|-13.956911420483022|-0.5679997167677924|-10.744693053904777|5.136190474006337
0.6666666666666666|-13.767296346309358|-0.15795896061712053|-11.490338342393143|2.2448246770540834
0.6666666666666666|-13.744779886428075|-0.1577006182011401|-11.551925020557475|1.5687764655438665
0.3333333333333333|-13.653666146566847|-1.1984240218559916|-11.356790000297092|2.338820706530901
0.3333333333333333|-13.529327300315224|-1.9264238826315134|-11.329996629407663|2.33330287177017
0.6666666666666666|-13.566724187422874|-1.3895119451953128|-10.528882166629241|0.15752922004605102
0.3333333333333333|-13.332957439860579|-2.4288356945320757|-10.825540067468356|1.057970104316753
0.3333333333333333|-13.345047011215925|-2.74469927467334|-10.798733341640823|1.0553503075820505
0.6666666666666666|-13.351709265122219|-2.3874109961453382|-11.482410195676419|-0.4935635408679078
0.3333333333333333|-13.061016425480346|-2.895368079426254|-11.162481120127248|0.14293918835903033
0.3333333333333333|-13.289616240991212|-3.2289251445515874|-11.133770197950252|0.14257153569571523
0.3333333333333333|-13.917238778499128|-3.518832728768036|-11.102358289116678|0.14216929602290787
0.6666666666666666|-13.576224031823385|-3.2631285303409623|-11.108449335832342|-0.8224028354333569
0.6666666666666666|-13.554886245468623|-3.2579998628067997|-10.688674323051604|-0.9239354117280294
0.3333333333333333|-13.296608207204711|-3.731519701935504|-10.82009607076836|-0.7191625177153761
0.3333333333333333|-13.563701200121479|-3.4798691524091985|-10.793270704035711|-0.7173795577349922
0.6666666666666666|-13.460205324245097|-3.4889249048526443|-11.780690371072602|-1.3605063857975856
0.3333333333333333|-13.338897546058059|-4.025476367605799|-11.335312797421246|-1.0922884572313047
0.3333333333333333|-13.58127322536575|-3.958615453494921|-11.306130065966796|-1.0894763636183762
0.3333333333333333|-13.534622605494206|-4.100884719344072|-11.274202123553888|-1.0863997371869736
0.3333333333333333|-13.487568092982698|-4.474919324343774|-11.239289018230796|-1.0830354557920048
0.6666666666666666|-13.46656198263091|-4.2469070660075605|-10.76463903498186|-0.7141354349843112
0.3333333333333333|-13.582608187210491|-4.2861198798339855|-10.904930062094985|-0.854574797140479
0.6666666666666666|-13.501060726330175|-4.259210072675898|-10.86524373205765|-1.2147600927884592
0.3333333333333333|-12.992635448224112|-4.015816656935925|-10.839968585217187|-1.066386807721723
0.6666666666666666|-13.19307650762696|-4.116654291054105|-10.725425746651135|-1.8948254258939505
0.6666666666666666|-13.171334298446034|-4.109870038823785|-11.25306492627942|-1.9516094097629695
0.3333333333333333|-12.486306734185996|-4.491095213258091|-11.010388278679299|-1.7787628272675027
0.3333333333333333|-13.169348314536911|-4.735643580232452|-10.984644899569949|-1.7746039034721774
0.6666666666666666|-12.964407594569684|-4.538254319386886|-10.52419456693533|-2.404320448248468
0.6666666666666666|-12.941888702926073|-4.530371471171576|-10.501741443886184|-1.5608346835844642
0.6666666666666666|-12.917208105043988|-4.521731907109247|-10.515077804086294|-2.433439851986223
0.6666666666666666|-12.890167943839328|-4.512266366359405|-10.706352619676865|-2.377914223470489
0.3333333333333333|-13.665497641156986|-3.874138449434159|-10.603125186980039|-2.2751584266699614
0.3333333333333333|-13.851313438712213|-4.470139419731299|-10.583283440326298|-2.2709008972809337
0.3333333333333333|-13.782735433865556|-5.176414633327691|-10.561543113306248|-2.266235981291923
0.3333333333333333|-13.2659531630076|-4.746202407973001|-10.537731683936048|-2.261126659914751
0.6666666666666666|-13.425277847371124|-4.757235538649665|-10.819528688721553|-2.5516322368972926
0.3333333333333333|-13.6041639254221|-5.30424473883039|-10.666977235311458|-2.4220087590084596
0.3333333333333333|-13.655666519301342|-5.2687402017264136|-10.64149627055647|-2.4162231349780385
0.3333333333333333|-13.336081319902053|-5.294648834421678|-10.613607446344382|-2.409890790300624
0.6666666666666666|-13.41792995031454|-5.2267160928264875|-11.055067794202042|-2.3564153383866424
0.6666666666666666|-13.396070804423063|-5.218201251116216|-10.697149945647844|-2.972165172085586
0.3333333333333333|-13.293780226707568|-5.296259665065614|-10.732516898148889|-2.712747630443661
0.3333333333333333|-13.107909038982394|-4.943391060367739|-10.707077121391352|-2.7063174803891172
0.3333333333333333|-13.673584226934787|-5.067196076633978|-10.679232300175581|-2.6992794320459335
0.3333333333333333|-13.369755184187685|-4.560718177996097|-10.64876979425544|-2.6915797385316846
0.3333333333333333|-13.389733149277788|-4.460448736640454|-10.615461135686962|-2.683160652359971
0.6666666666666666|-13.365760697550972|-4.601786757038997|-11.561258086534435|-2.149454902543251
0.3333333333333333|-13.393531152387052|-5.180791220324592|-11.146833541524126|-2.347450377470831
0.3333333333333333|-13.37910776812784|-4.67018055793356|-11.112596199507871|-2.3402402167431
0.3333333333333333|-12.908299749844446|-4.7123943457559125|-11.075177223796238|-2.3323600247287826
0.6666666666666666|-13.09347449343117|-4.733537424061406|-10.45271520335582|-3.0850563649726954
0.6666666666666666|-13.074324870595577|-4.726614475046273|-10.642445357991686|-2.810518018748364
0.6666666666666666|-13.053324877575418|-4.719022582388919|-10.566937261266043|-2.528801327777437
0.3333333333333333|-13.801082306789914|-4.987016180895686|-10.564346784518047|-2.63384572468181
0.3333333333333333|-13.442726114223387|-5.080529376944274|-10.538868856860786|-2.6274937057446652
0.6666666666666666|-13.418705205396765|-4.971800762450512|-10.414213433235021|-2.6868681101108045
0.6666666666666666|-13.395825847502667|-4.963323669669868|-11.210267541188067|-3.0096853791498566
0.3333333333333333|-13.363482933041656|-4.976852229543253|-10.855704398541352|-2.852004281884395
0.3333333333333333|-13.268329300441724|-5.07530423311534|-10.831280602880913|-2.8455876766374053
0.6666666666666666|-13.280351130815873|-5.0148682809500205|-11.370922797878803|-2.700994389305026
0.3333333333333333|-13.025138401833546|-5.196387633175785|-11.108792521302052|-2.7527912088617
0.3333333333333333|-13.177264731489869|-5.090882616298667|-11.082300053266959|-2.7462262979617793
0.6666666666666666|-13.12484994218983|-5.088460437401423|-11.36917532115043|-3.2503758777375467
0.6666666666666666|-13.102323319652891|-5.079726941165476|-11.320507742218386|-3.0234048135265215
0.3333333333333333|-13.189245521616462|-4.756265674895322|-11.251455126778854|-3.0205557809112236
0.6666666666666666|-13.11717332811767|-4.88609114373683|-11.760242784935025|-2.4541698158901992
0.6666666666666666|-13.092098644104956|-4.876750930840208|-10.963347070239262|-3.0529888114553576
0.3333333333333333|-12.76376876060614|-5.2943552770268|-11.18069407411928|-2.8885916379825516
0.6666666666666666|-12.869475361717662|-5.099390008550483|-11.185890976994791|-2.8006543982598977
0.3333333333333333|-12.694558743218778|-4.939881558612706|-11.153256778645028|-2.8312460189080655
0.3333333333333333|-13.212168768167128|-5.172137101000957|-11.130732760932094|-2.8255283136005307
0.3333333333333333|-13.029783948174321|-4.877826934339167|-11.106061184174042|-2.819265452011065
0.3333333333333333|-12.930238247514302|-5.288488462380708|-11.079048465376493|-2.81240829323912
0.6666666666666666|-12.935273700956616|-5.133634352568398|-11.05808862075613|-2.7162972356276036
0.6666666666666666|-12.91332700745032|-5.124924347483551|-11.293997915177727|-2.425824434206338
0.3333333333333333|-13.331550409608548|-4.7723146798981455|-11.158197101129316|-2.5570083538063666
0.3333333333333333|-13.180419425315112|-4.708388477695993|-11.132956789833841|-2.5512242933304434
0.6666666666666666|-13.129329140804375|-4.7930782307647375|-11.44296923411164|-2.362635619502642
0.3333333333333333|-13.569172875932233|-5.288513764831688|-11.276610566006594|-2.4337958320807314
0.3333333333333333|-13.794516477838528|-4.902020496010847|-11.249602029057145|-2.4279666634423887
0.3333333333333333|-13.425838022750392|-5.199361303091277|-11.220041674975834|-2.421586744038698
0.6666666666666666|-13.470955185803055|-5.084910173549551|-11.394734336801962|-1.957291071753258
0.6666666666666666|-13.449039300012855|-5.076637537416489|-10.999182618323061|-2.6304915145863803
0.6666666666666666|-13.425014041414201|-5.067568671832316|-10.974114362669125|-2.3837362660050174
0.3333333333333333|-13.639307662352218|-4.913085778743751|-11.004383564237527|-2.393858660849802
0.3333333333333333|-13.659258252167845|-4.755438868958202|-10.980796720546367|-2.3887276537631625
0.6666666666666666|-13.570037827897432|-4.841413739207006|-10.942532010666419|-2.968629176937477
0.3333333333333333|-13.239502560756904|-4.758175820211903|-10.924921047255712|-2.7146460355111515
0.6666666666666666|-13.35187469293511|-4.782887363439998|-11.374739089137814|-2.829412196087731
0.6666666666666666|-13.326862486052525|-4.773927530384212|-11.322507819696586|-2.4666799721802275
0.6666666666666666|-13.299457072407737|-4.764110406600025|-10.950478513458373|-2.073705010188284
0.6666666666666666|-13.269441007334365|-4.753358099404124|-10.96550607150917|-2.648494021191021
0.6666666666666666|-13.236579437846876|-4.741586480132736|-10.790305481386829|-2.2759722677469494
0.3333333333333333|-11.251837534363686|-7.675833601199307|-10.862278133852794|-2.3682403827126652
0.3333333333333333|-10.470289758307011|-8.686226714470452|-10.844036440027242|-2.3642632505278325
0.6666666666666666|-11.107338610317257|-7.719825683142776|-9.55078469215848|-4.181085341495951
0.6666666666666666|-11.081924995951743|-7.702162705559816|-9.04795720523512|-4.832112827687394
0.6666666666666666|-11.054104001138615|-7.682826549724117|-8.274684421198653|-5.636531039316416
0.6666666666666666|-11.023661802537168|-7.661668604075779|-8.111541903344047|-6.5886923297735045
0.6666666666666666|-10.990368459427536|-7.638529055149389|-7.768713584442081|-6.734198288380368
0.6666666666666666|-10.953977287070943|-7.613236452046684|-7.541802329133768|-7.481486795180934
0.6666666666666666|-10.914224337702056|-7.585607345715709|-7.055647140453498|-7.734869833148311
0.6666666666666666|-10.87082802499979|-7.555446027950402|-6.777342601712343|-7.805893055628997
0.3333333333333333|-10.418453888381285|-9.626137108403821|-7.045488128959718|-7.58803915169185
0.6666666666666666|-10.531110802832838|-8.829063482760716|-6.527203700151054|-8.525494146284363
0.3333333333333333|-8.691764463201018|-11.29166549658531|-6.752095672737318|-8.078574333568369
0.6666666666666666|-9.355623819051846|-10.303690872037441|-6.109136141433145|-8.885722404495395
0.6666666666666666|-9.325568321846935|-10.270589653113468|-5.754932143836651|-9.054187656552656
0.6666666666666666|-9.292729531718631|-10.234423091841016|-6.043993990206686|-9.2969920716542
0.6666666666666666|-9.25687295467337|-10.194932931403887|-5.894643304479582|-9.393631690162188
0.3333333333333333|-7.417853525865834|-11.873583935932249|-5.951276801717244|-9.222805244614184
0.6666666666666666|-8.05424228232244|-11.203039975076116|-5.824196391567861|-9.481104302259423
0.6666666666666666|-8.02548676668368|-11.163042520329565|-5.751391383789772|-9.425081454210922
0.6666666666666666|-7.994091925300747|-11.119373898168034|-5.840705094743981|-9.751444564759167
0.6666666666666666|-7.959840082825804|-11.071731333291504|-5.9316379570790785|-9.635434241214355
0.3333333333333333|-8.150695560856626|-11.348176096056198|-5.869676227243846|-9.590835543318386
0.3333333333333333|-7.356464245656385|-11.400139334109122|-5.861704332013569|-9.577809759073714
0.3333333333333333|-6.925319435576696|-10.55779838271532|-5.852960220372123|-9.56352220155286
0.6666666666666666|-7.183152667262072|-10.828857285925556|-5.495838969760522|-9.830254764858307
0.3333333333333333|-6.699322212383677|-11.054153764855293|-5.643517158869558|-9.688152175901406
0.6666666666666666|-6.875585624352345|-10.923751649168997|-5.559844723421004|-10.096809414020958
0.6666666666666666|-6.858161767006674|-10.8960690777033|-5.632500929666116|-10.239011494617012
0.3333333333333333|-7.091107050454069|-11.47109471755882|-5.602164923925093|-10.06640534015174
0.6666666666666666|-6.971135528569329|-11.196204065786414|-5.922080519318745|-9.798492440072808
0.3333333333333333|-6.690667376794951|-11.20593133518304|-5.765146818146886|-9.895884222264174
0.3333333333333333|-6.558806345175187|-11.818860982116513|-5.755257215725719|-9.878908703053451
0.6666666666666666|-6.641340578030909|-11.51607398111267|-5.188742448118669|-10.837243444911516
0.3333333333333333|-6.877305319689321|-12.070954927383248|-5.424222583256754|-10.388505599250944
0.6666666666666666|-6.7563522754393714|-11.798670448090055|-5.14324322860921|-10.214579150908728
0.6666666666666666|-6.741480586102251|-11.772699901507856|-4.789780507662034|-9.8395939506592
0.3333333333333333|-7.284928184509422|-11.70255054706562|-4.987855070504062|-10.012212807137104
0.3333333333333333|-6.968169290346159|-11.841660117967724|-4.978847157574345|-9.994131058584738
0.6666666666666666|-6.98294821356764|-11.755653940644798|-4.682888212028976|-9.973562560001733
0.3333333333333333|-6.578759820512228|-11.463155560510367|-4.799214056024998|-9.95577216420614
0.3333333333333333|-6.724019390063625|-11.377536786077323|-4.789642383735387|-9.935916123730891
0.3333333333333333|-6.8827969811539615|-11.503306185852578|-4.779157545542389|-9.914165758148215
0.3333333333333333|-6.492941466768616|-11.767094316186856|-4.767677115268973|-9.890350077744108
0.6666666666666666|-6.619574735886219|-11.608406530199117|-5.162239723923756|-10.44192703397267
0.6666666666666666|-6.608261983270613|-11.588567939870106|-5.2693077702351685|-9.360848432856903
0.6666666666666666|-6.595862531569912|-11.56682366144796|-5.030823439761707|-9.85233096463551
0.6666666666666666|-6.582276767963868|-11.542999009071556|-5.222626490594219|-10.021504655904655
0.6666666666666666|-6.567396922933368|-11.516904992897981|-5.317853631033104|-9.872259447526531
0.6666666666666666|-6.551106602743296|-11.488337499241885|-5.199141447473777|-10.354043795565845
0.6666666666666666|-6.533280338723616|-11.457076500172976|-5.121773506064048|-9.525506211757843
0.6666666666666666|-6.513783165487427|-11.422885313858789|-5.521459950582203|-9.688200421080793
0.3333333333333333|-6.72929533224391|-11.645660302873301|-5.345317431241285|-9.716758674062074
0.6666666666666666|-6.617880010283323|-11.511767588554083|-4.827508159651197|-9.984946637516986
0.3333333333333333|-7.028108226953404|-11.699225767290317|-5.051576353260547|-9.84198404499373
0.3333333333333333|-7.04002163499136|-12.295204828232812|-5.043475718848589|-9.82620158243917
0.6666666666666666|-6.939801566664393|-11.969557959115798|-4.758865875613327|-9.952524800083683
0.6666666666666666|-6.923030975262585|-11.940632554856858|-5.055282649479309|-10.152004230595892
0.3333333333333333|-6.7813877606839394|-12.176206574438245|-4.965860517384632|-10.010630373423869
0.3333333333333333|-6.655098782529692|-12.471566774376472|-4.957403553784558|-9.993582061981076
0.6666666666666666|-6.710126555935118|-12.261625979427778|-4.831431846163382|-10.481003500110926
0.6666666666666666|-6.6950102284089015|-12.23400343717557|-4.831355190131947|-10.230297528008013
0.6666666666666666|-6.678460737287134|-12.203762029864782|-5.262250183021096|-10.090023483642225
0.6666666666666666|-6.660350540407154|-12.17066869567726|-5.359146831974789|-9.987187955922055
0.3333333333333333|-6.760869603183316|-11.648992241735575|-5.2180765579025055|-10.038397323125134
0.3333333333333333|-7.2197823715705525|-12.314804061180723|-5.209719812049171|-10.022320837034277
0.6666666666666666|-6.984869208301155|-12.079000019275986|-5.567701433708842|-10.217614591887784
0.3333333333333333|-7.669240793576605|-12.09191575403317|-5.395273944374494|-10.10613986422406
0.6666666666666666|-7.357718327684599|-12.048310852913165|-5.5245275904536815|-9.98261606631722
0.6666666666666666|-7.340446234484923|-12.020027689752764|-5.208648095784731|-9.847122860520258
0.6666666666666666|-7.321540351729279|-11.98906918573778|-5.210710141432684|-9.712339923552499
0.6666666666666666|-7.300856045027304|-11.9551985011283|-5.412539128405854|-9.994133383684778
0.6666666666666666|-7.278237876311918|-11.918161105094635|-5.172130135184635|-9.814927129451204
0.6666666666666666|-7.253519206037135|-11.877684124313696|-5.145444466536244|-9.948459598156807
0.6666666666666666|-7.226521872906489|-11.833475818522244|-4.873491573096957|-9.897600444310026
0.3333333333333333|-6.482979739733805|-11.938500102574379|-5.00914901021321|-9.877807412116038
0.6666666666666666|-6.727247280641346|-11.843732691806126|-5.115900403681179|-10.08490510207947
0.3333333333333333|-6.126266711885204|-12.057818269044756|-5.056768498599794|-9.969867642633627
0.6666666666666666|-6.332684466845502|-11.924742683710635|-4.724339706180747|-9.769836037022001
0.3333333333333333|-6.757919060698154|-12.182087709290993|-4.865419811134177|-9.840120941873197
0.6666666666666666|-6.562995584381958|-12.033061613091668|-5.044588794785484|-9.817721740433171
0.3333333333333333|-7.035914462902619|-12.2230343212623|-4.952621443091259|-9.806245903286253
0.3333333333333333|-6.678936293589767|-12.469686741270767|-4.944520240888342|-9.790205432229282
0.3333333333333333|-6.842321470751416|-12.21137366400508|-4.935639474363753|-9.772621415087961
0.6666666666666666|-6.777863012460849|-12.220785664715454|-4.965630483061022|-9.756497833117514
0.3333333333333333|-6.701302929356498|-12.206854143424154|-4.939301477022268|-9.737479578685916
0.6666666666666666|-6.715138506316371|-12.178078803234978|-4.978135449163186|-9.562803196276564
0.6666666666666666|-6.7009173339277295|-12.152288336238602|-4.999142414270922|-9.792096710210762
0.6666666666666666|-6.685343453537226|-12.124044698003992|-4.996447503621453|-10.127095690883998
0.6666666666666666|-6.668295584427421|-12.093127942787227|-5.3139018298699146|-9.858605890496309
0.3333333333333333|-5.752700851867411|-12.319285517417173|-5.153295081909425|-9.870726258086446
0.6666666666666666|-6.105154563740112|-12.183575992751678|-5.551258047480297|-9.871015243570476
0.3333333333333333|-6.8258584956580926|-12.33992863275637|-5.360175128613711|-9.848188391308662
0.6666666666666666|-6.505423429910237|-12.233761117248644|-5.016963570007519|-9.768817747101656
0.3333333333333333|-6.151275251055529|-12.369900768795418|-5.158093258631549|-9.78106997009866
0.6666666666666666|-6.278890607595299|-12.272963738134571|-5.065660412350695|-9.932131981632406
0.3333333333333333|-7.145885228451045|-12.688081236347783|-5.094387541626434|-9.840969659728913
0.6666666666666666|-6.7592373374466295|-12.473740855153904|-5.310150612056081|-10.274864961557563
0.3333333333333333|-6.922179675494191|-12.230604397355222|-5.201585672808661|-10.05754416116216
0.6666666666666666|-6.8320429467762285|-12.295695583084113|-5.63492912775207|-9.883095120313685
0.6666666666666666|-6.816415762316311|-12.26757118392024|-3.3367162138127173|-10.24707874606181
0.3333333333333333|-3.2150307488481076|-12.709946037607152|-4.266115741740326|-10.09128056919205
0.3333333333333333|-2.8505822036946835|-13.408233704111423|-4.258603229739294|-10.073510102807349
0.6666666666666666|-3.6396212663242054|-12.985815808975927|-1.849645751008404|-10.041212933678986
0.6666666666666666|-3.6317067984374374|-12.957577754880964|-0.8448867641902376|-10.851972229044707
0.6666666666666666|-3.6230405445778335|-12.92665740132223|-0.06679475837560976|-11.22917493483113
0.3333333333333333|-1.717152477196333|-13.167291875091385|-0.8240524452011816|-10.870439720719459
0.3333333333333333|-0.9966274884120663|-13.381871263059246|-0.822638609292211|-10.851789186869391
0.6666666666666666|-1.6341598803330413|-13.202088147647421|0.46480290371140914|-11.65938751580777
0.3333333333333333|-0.6161697760573225|-13.795773551686455|-0.10181348315475659|-11.274745806910298
0.6666666666666666|-1.0483367593871111|-13.501837673085843|0.671048942843381|-10.747396238643033
0.3333333333333333|0.3428035121629772|-13.670635174486721|0.3306698894626137|-10.95050697423938
0.3333333333333333|0.8343386142337152|-13.817636367825784|0.3300303194142919|-10.929326889514869
0.3333333333333333|1.1042361419438753|-13.882033880975005|0.32932964384257485|-10.906123226347242
0.3333333333333333|1.0158545765231835|-13.714536364909085|0.3285623290154106|-10.880712728947694
0.3333333333333333|1.1858793150552605|-13.668242637017881|0.3277224019417447|-10.852897594969274
0.3333333333333333|1.7285289028839537|-13.503345559800776|0.3268034282032427|-10.822464741379358
0.3333333333333333|1.4687704688618024|-13.125173893949498|0.32579849145948336|-10.789185125750944
0.3333333333333333|1.7542350960268533|-13.526341617761256|0.32470017540862695|-10.752813148869805
0.3333333333333333|1.8885292384073287|-13.549090977606262|0.3235005491353957|-10.713086169516323
0.3333333333333333|1.8242283584941252|-13.82425293635376|0.32219115694297173|-10.669724167737284
0.3333333333333333|1.9407308353463164|-14.010971304678861|0.32076301394315965|-10.622429598809132
0.3333333333333333|1.9644868995906983|-13.773556780051663|0.31920660886643754|-10.570887486296002
0.3333333333333333|2.3526890674040564|-13.99542318556608|0.31751191574499144|-10.514765808946576
0.3333333333333333|1.9378075373976738|-14.010292702788806|0.31566841630979636|-10.453716242398754
0.3333333333333333|1.857339885910891|-13.73308013575002|0.3136651351167787|-10.387375322422177
0.3333333333333333|1.8591807361453176|-13.434310099330443|0.3114906895632874|-10.315366101270207
0.3333333333333333|1.9003901280742286|-13.623827568524987|0.3091333570571346|-10.237300372058579
0.3333333333333333|2.0067595031555974|-13.647130114679074|0.3065811616351116|-10.152781537235418
0.6666666666666666|1.9520510434453084|-13.607899885484153|3.1285786110488063|-12.546094355022834
0.6666666666666666|1.94969656191809|-13.5914866113476|4.0136215875025885|-11.612958033751472
0.6666666666666666|1.9471131836598738|-13.573477680268578|3.382231537513792|-11.517872127291223
0.6666666666666666|1.9442793632355648|-13.553722897340682|3.924483348121181|-11.743064346734778
0.6666666666666666|1.9411716727441113|-13.532058944840683|3.759836524914275|-11.955903869609841
0.3333333333333333|2.3576846609896043|-13.213333879297327|3.7259293642443336|-11.792071855742812
0.3333333333333333|2.1354008318724156|-13.579060019804057|3.7168886606777973|-11.763459229023116
0.6666666666666666|2.146299246068962|-13.442949051133837|3.6047330055808775|-11.391647946352242
0.6666666666666666|2.14265267397179|-13.42010942007896|3.6428743571000584|-11.563281216971344
0.6666666666666666|2.1386557296706097|-13.395075297414383|3.8647102286103627|-11.94590284326045
0.6666666666666666|2.1342762789712943|-13.3676454165482|3.9135684115062763|-11.453577849062997
0.3333333333333333|1.9570073967367532|-13.603869114695746|3.8379456288623315|-11.55842381062528
0.6666666666666666|2.0266806806166553|-13.462814475263865|3.612497357524275|-11.391458136830579
0.6666666666666666|2.022199613387015|-13.433047685980874|3.8805855389179134|-11.502782935322351
0.6666666666666666|2.017293270941956|-13.400455882683158|3.566498543501339|-11.572851888731812
0.3333333333333333|2.490370043180821|-13.144608943854639|3.663547831203429|-11.501468710059989
0.3333333333333333|2.878443717113284|-13.375720668709874|3.6573231667464294|-11.481926783277151
0.6666666666666666|2.6213744947988022|-13.275751621343145|4.223514818736701|-11.617648241410848
0.3333333333333333|2.605795532507684|-13.572092239829672|3.9636993417026902|-11.528339992478246
0.3333333333333333|2.3809568781086043|-13.394237172048825|3.956186203831487|-11.50648818175226
0.6666666666666666|2.4738372905584884|-13.374388327103535|4.146345390075545|-11.884214775914828
0.6666666666666666|2.4688211385019696|-13.347269338410252|4.098343818576005|-11.373816994144544
0.3333333333333333|2.93852294425266|-13.98645986013617|4.071092251139205|-11.492075567386953
0.3333333333333333|2.8059002750476956|-14.246344669140178|4.063287239250949|-11.470043203369874
0.6666666666666666|2.7674571535847123|-13.970223890427937|4.072566335902867|-11.718946396611258
0.3333333333333333|3.233061081994144|-13.996231112501862|4.057091571654933|-11.578646722635552
0.3333333333333333|2.645247138548919|-13.856535193978276|4.048590875060353|-11.554386347678127
0.6666666666666666|2.807181467781176|-13.872903126744976|3.86727795957268|-11.862388188589424
0.6666666666666666|2.8019319199771324|-13.84696021248006|4.051704909142121|-11.284352093794375
0.6666666666666666|2.7961800478242065|-13.81853484486817|4.216138162209736|-11.439741741497045
0.3333333333333333|2.484966460090325|-14.410538065123918|4.110277642355243|-11.42084488839256
0.6666666666666666|2.6100362269249513|-14.115600223123062|4.272197244193429|-11.519112294955232
0.6666666666666666|2.604253764621374|-14.084327505395791|4.25110570021696|-11.714412488903537
0.3333333333333333|1.9887736912161886|-13.76784343258583|4.217010041272962|-11.575887597464298
0.6666666666666666|2.240630903302729|-13.856963188053479|4.365040401706419|-11.740992453319306
0.3333333333333333|2.18574943845266|-13.788678812767248|4.288761720920282|-11.638936186648905
0.6666666666666666|2.202159867295883|-13.774899624160712|4.289323237863689|-11.448074317261725
0.6666666666666666|2.1971018698138454|-13.74326095493917|4.250663810925394|-11.10855083312258
0.3333333333333333|2.3163162530072343|-13.407255183306267|4.2562047814248976|-11.267213583203478
0.6666666666666666|2.259121545461081|-13.50344175883698|4.670669978236349|-11.82359205226567
0.6666666666666666|2.253644740175744|-13.47070526382916|4.372886191934419|-11.881867883455355
0.3333333333333333|2.467944476787138|-13.148995318752874|4.412138275662388|-11.713428339172482
0.3333333333333333|1.9234599534320342|-13.65982152848894|4.404638234528958|-11.693517087786306
0.3333333333333333|2.0445205184725026|-14.242035856029323|4.396417584646538|-11.671692750632074
0.3333333333333333|2.89466653988029|-13.830491231511495|4.387410238822023|-11.64777987817665
0.3333333333333333|2.0863146201560614|-13.889792387881371|4.377544691713381|-11.62158863668242
0.3333333333333333|2.6808581525386863|-14.201473681208714|4.366743707816867|-11.592913979869815
0.3333333333333333|2.492578050584285|-13.620878368999923|4.354924020234386|-11.561534849199209
0.3333333333333333|2.4173762385767956|-13.976945849062313|4.341996048219291|-11.527213424006133
0.6666666666666666|2.4473403360404795|-13.867657252532604|4.370996693704988|-11.753135684819426
0.3333333333333333|2.366635958967286|-13.723386171349404|4.342222281721353|-11.617647073033618
0.6666666666666666|2.398058131554218|-13.759057106979638|4.583084273636625|-11.902488841743523
0.6666666666666666|2.3942051625713505|-13.736950378385725|4.795775168248308|-12.06585278244765
0.6666666666666666|2.389981171700015|-13.712714880983333|4.740572493309328|-11.477979188036114
0.3333333333333333|2.0999801288104454|-13.780870076190867|4.6918444985184165|-11.63821704141779
0.6666666666666666|2.221240758373927|-13.714827942810851|4.320878796477366|-12.104897348137001
0.6666666666666666|2.216895895316218|-13.68800102229496|4.750023668850199|-12.01982939221844
0.6666666666666666|2.212136135981901|-13.65861236639476|4.603186239157778|-11.67048730094811
0.6666666666666666|2.2069239518678665|-13.626430259137479|4.992756064239797|-11.876577198895268
0.3333333333333333|2.1157586707393023|-13.63508330310486|4.809834022195473|-11.808859726788258
0.3333333333333333|1.8403788097787108|-13.697899341319342|4.801518617229311|-11.788444167672553
0.6666666666666666|1.9672388347965424|-13.6225536899297|4.646488867751739|-11.903485569329906
0.3333333333333333|2.017205288058285|-13.06067723576051|4.702475734260538|-11.822242158772417
0.6666666666666666|1.9899399275186418|-13.262176450938767|5.113515110047331|-11.385337834312004
0.6666666666666666|1.985589389246369|-13.233181803700655|4.9410026734495975|-11.655729915706802
0.6666666666666666|1.9808257158484128|-13.201433771368283|4.792104627973732|-11.714116553751964
0.6666666666666666|1.9756120057790807|-13.166686419477243|4.795426599992896|-11.681096578291884
0.3333333333333333|2.2536142892394455|-13.432287831786857|4.810159252665819|-11.644892942392001
0.6666666666666666|2.133041415086657|-13.276164239522393|4.628376227049598|-11.2471351725823
0.6666666666666666|2.1272892553121046|-13.240362488389573|4.302267741299851|-11.731660201930804
0.3333333333333333|2.3994118147157435|-13.214288041656532|4.476101392764364|-11.564257909096844
0.3333333333333333|5.524230525288441|-11.268500459095875|4.468913354986809|-11.54568721209379
0.3333333333333333|6.169076435934102|-11.378299234382867|4.461033130871287|-11.525328213032529
0.3333333333333333|6.764064332830357|-10.795129392398284|4.452396920884456|-11.503016082255899
0.6666666666666666|6.110278401344738|-11.14424689790526|7.001949671307823|-9.899072875114138
0.6666666666666666|6.098113343981844|-11.122059626904734|8.099231611754833|-9.794804637792302
0.6666666666666666|6.084787605947353|-11.097755445491252|8.424160935298403|-8.881113014691971
0.6666666666666666|6.070196399336406|-11.071143235976388|8.877786743334672|-8.278227689395997
0.6666666666666666|6.054226685031358|-11.042016831676166|9.655699309217317|-8.363480996202103
0.6666666666666666|6.036756771031496|-11.010154284323693|10.05550546426464|-8.520941129137961
0.3333333333333333|7.875114398200644|-10.611923960248363|9.592225082593218|-8.516340444081367
0.3333333333333333|8.840683951844053|-10.763331716325657|9.577301949161127|-8.503091121457485
0.3333333333333333|8.840477433578041|-10.001024976469195|9.560940041363981|-8.488564400502197
0.6666666666666666|8.510711481371294|-10.288129626026421|10.192787225793536|-8.383430741975348
0.6666666666666666|8.491604689595954|-10.26503247945384|10.314491813915694|-7.8171836036725795
0.3333333333333333|9.697809653982736|-9.702068333284751|10.10812445785806|-8.067876555840542
0.3333333333333333|9.701371688564706|-9.142402841093592|10.090108305749476|-8.053496826759314
0.3333333333333333|9.723024355993394|-9.511051191979996|10.070364569639466|-8.037738213343864
0.3333333333333333|9.624920583518778|-9.577441465837339|10.048735511379585|-8.020474815689104
0.6666666666666666|9.5917815567518|-9.51311337085328|10.636857742584835|-7.861077180637432
0.3333333333333333|9.94181070572415|-9.330208381942457|10.355786453806646|-7.904047869455197
0.3333333333333333|10.17609042137441|-9.699425393090605|10.331990332251348|-7.885885493790206
0.6666666666666666|9.97499415522124|-9.544489914321979|10.909038946257862|-7.60500804799436
0.6666666666666666|9.957479487486173|-9.5277311506627|11.443282096080377|-7.561576863300805
0.3333333333333333|9.708411314570256|-9.463425253268|11.073705408873199|-7.604593478606213
0.6666666666666666|9.791952746084837|-9.466769672782066|11.579243589956228|-7.757287509882973
0.6666666666666666|9.772875186188118|-9.448325663691728|11.952382479195743|-7.183635970333075
0.6666666666666666|9.751975546181706|-9.428120084343535|12.135805146547735|-7.361711360743189
0.6666666666666666|9.729088944447714|-9.405993528708857|12.015101077299663|-7.202409974442114
0.3333333333333333|9.649566494759236|-9.135089080783972|11.946375377423507|-7.2610620292483175
0.6666666666666666|9.650519409123309|-9.21708525352951|11.885024199648857|-7.228331702112843
0.3333333333333333|9.478096809115804|-9.432545256415372|11.883863041403162|-7.2255864356941855
0.6666666666666666|9.519832261906886|-9.312197026175292|12.129914085227753|-6.596368508887223
0.3333333333333333|10.091808826396008|-9.480607842084826|11.991162696924277|-6.859000822266509
0.6666666666666666|9.819473447682745|-9.380126812046226|12.257712855349183|-7.064534603566209
0.6666666666666666|9.796711844624282|-9.358383617335086|12.439980456561113|-6.996037648358602
0.6666666666666666|9.771795650447087|-9.334582233044891|12.550723640209613|-7.133885608355633
0.3333333333333333|9.948015485356812|-9.323007130941347|12.406188626169078|-7.047856166935273
0.6666666666666666|9.84106642269014|-9.29477999700458|12.493570095926387|-7.161288325228797
0.3333333333333333|9.598542048446962|-8.85166840816346|12.425661922130168|-7.093985704086433
0.6666666666666666|9.666318597281334|-9.004769542729154|12.039355259375869|-7.1063922676695785
0.3333333333333333|10.192862683164606|-8.617193786775534|12.183007913224074|-7.08401683098096
0.3333333333333333|10.4969895980804|-8.878454836216594|12.16152616442201|-7.071525903358106
0.3333333333333333|10.585946464599955|-8.747539421603257|12.137983569076358|-7.057836661517218
0.3333333333333333|10.362834388843975|-9.078346719193505|12.112191767271414|-7.042839580386767
0.6666666666666666|10.368325744686544|-8.92092032876339|12.107522479040261|-7.173429151009602
0.6666666666666666|10.349133835047144|-8.904407585909254|11.894558976423863|-6.998672460451935
0.3333333333333333|10.801497753495545|-9.025367938331613|11.949106200623696|-7.0276990073198595
0.6666666666666666|10.575760540664199|-8.94820807508139|12.277187850030973|-7.147918355848775
0.6666666666666666|10.554233323889306|-8.92999378077712|12.768377039230316|-7.267595530982105
0.3333333333333333|10.900836735579654|-9.049729500546169|12.452612482444417|-7.170676205789746
0.6666666666666666|10.720805765560943|-8.971900046308006|12.353214266218197|-7.257945436766199
0.6666666666666666|10.697216676256206|-8.952159090632325|12.545774957487716|-7.2476996651907255
0.3333333333333333|11.34661179803465|-8.977207632565158|12.444597780226738|-7.214937537814932
0.6666666666666666|11.038097392343039|-8.93839600424172|12.709342572382779|-6.917096332020455
0.6666666666666666|11.01223728919445|-8.917455090745797|12.980943712872717|-6.953504289939731
0.6666666666666666|10.983930767718215|-8.894533124263361|12.544879370215781|-6.7792893626627055
0.6666666666666666|10.952961197634506|-8.86945468260354|12.622098570876252|-7.098534604759195
0.6666666666666666|10.919095755540644|-8.842031230759055|12.758253978491307|-7.109879248511608
0.3333333333333333|11.084818213524674|-9.818536532216767|12.671528609786389|-7.040326359754815
0.3333333333333333|10.69747799509009|-9.151493020763438|12.652384079785406|-7.029689621018579
0.3333333333333333|10.864769606337937|-9.31330047469956|12.63139180068459|-7.018026269227647
0.3333333333333333|10.27119393776637|-8.928334844149328|12.608380603169703|-7.005241202372456
0.6666666666666666|10.483330509436948|-9.05383845740087|12.645768853418595|-7.424994473723695
0.3333333333333333|11.058815071234852|-8.91292185593774|12.59535089985355|-7.222411444069658
0.3333333333333333|10.696788346489257|-8.913600450813995|12.570048598181824|-7.207902627712878
0.6666666666666666|10.71433700654115|-8.913274358735267|12.667965348050467|-7.399156336908082
0.6666666666666666|10.693644220350484|-8.896059996292545|12.61417211682213|-7.677033685804221
0.6666666666666666|10.670974277456377|-8.877200833976794|12.860352606386094|-7.528890615984593
0.3333333333333333|10.610976564041408|-9.60763589102876|12.714699770891242|-7.501941676497662
0.3333333333333333|10.52945132971729|-9.165042396208662|12.691125157960888|-7.488032156458941
0.3333333333333333|10.484203892087967|-9.191923876507754|12.665293848840944|-7.472791137957738
0.3333333333333333|10.494912063959204|-9.160139630136271|12.637000589499104|-7.456097516775551
0.6666666666666666|10.476219377062328|-9.152440327627065|12.890982074368857|-7.431271454244209
0.6666666666666666|10.457486034144182|-9.136074137017244|12.421405088424157|-7.204166978463333
0.3333333333333333|10.86759586499716|-9.452164901578538|12.53564251623488|-7.28202213942374
0.3333333333333333|10.963036115693047|-9.552872783480847|12.50880014462612|-7.266429261429932
0.3333333333333333|10.746306358730134|-9.413535178211625|12.47940599605768|-7.249354042479832
0.6666666666666666|10.75801862835506|-9.401585737694475|12.234607763907338|-7.166172141759086
0.3333333333333333|10.88190606618163|-9.352304692563544|12.295430673811339|-7.176847458646719
0.6666666666666666|10.800736811817636|-9.351855129474616|12.117246265363134|-7.074652314141677
0.3333333333333333|10.80872907162932|-8.606507457397006|12.152885837455496|-7.0946919828684045
0.3333333333333333|10.90116096939103|-8.983457815354253|12.123905644576233|-7.077773734410181
0.3333333333333333|10.577750785397738|-8.928444708679283|12.092186652328307|-7.059256611562499
0.6666666666666666|10.675781766282096|-8.919976029472123|11.850763413335635|-6.526838196212177
0.6666666666666666|10.65837438248032|-8.905431572715049|12.276166562740617|-6.7388895056646865
0.6666666666666666|10.63929170900184|-8.889487354883256|12.760593827461399|-7.499090549492447
0.3333333333333333|10.678831690553851|-9.116932639304883|12.449137003536608|-7.147709693665258
0.3333333333333333|11.04442926608072|-9.351556272137032|12.422512457901783|-7.132423130197493
0.6666666666666666|10.843691824463846|-9.177221378702994|13.434888037823832|-6.732808650600381
0.3333333333333333|10.79575995331729|-8.841853802919825|12.965917608607903|-6.880851753529456
0.6666666666666666|10.789658509452822|-8.967366114847957|13.262683186534082|-7.318860659836086
0.3333333333333333|11.063064264132167|-8.74257992388796|13.096700955582522|-7.1108872762175
0.6666666666666666|10.914581676943333|-8.818985241934916|12.765772029242974|-7.243194249305405
0.3333333333333333|10.902236833604793|-9.103313654240141|12.868806011592692|-7.165317381479885
0.3333333333333333|10.912725214694575|-9.127797262412168|12.84037870543291|-7.149489132087375
0.3333333333333333|10.646781201391226|-9.594353515825773|12.80925337618461|-7.132158630526762
0.6666666666666666|10.735074239926563|-9.328635339940973|12.767067645308783|-6.877503103862482
0.6666666666666666|10.716824802691669|-9.312776824078053|13.292177519927368|-7.027345455731874
0.6666666666666666|10.696821952769561|-9.295394616138694|12.580464270079776|-7.38126878719081
0.3333333333333333|10.852932922235913|-8.909684226277088|12.752143157206236|-7.195100272841707
0.6666666666666666|10.755419202850776|-9.052153701737817|13.642729620788778|-4.470212922666701
0.6666666666666666|10.733375265379214|-9.033600718686149|14.386446349241602|-3.2811503213943203
0.6666666666666666|10.709231066339017|-9.013280078774756|13.927856101357373|-3.1028579896005657
0.6666666666666666|10.682797596567344|-8.991032704987596|14.352651166009503|-1.4895093829467374
0.3333333333333333|11.501034777322866|-5.243218146477964|14.113221994566763|-2.4538493654415863
0.3333333333333333|12.5916724317605|-4.651353153517232|14.089476598810187|-2.449720781314456
0.3333333333333333|12.086161607743193|-4.233705441379272|14.063448780864306|-2.445195355116603
0.6666666666666666|12.001974135033084|-4.789280975664445|15.132612449402556|-1.2382572028155563
0.6666666666666666|11.977063788927419|-4.779340723722654|15.340615828591574|-0.3287824718513231
0.3333333333333333|12.425701556644226|-3.1417187345867994|14.999631257935501|-0.9590323587060843
0.6666666666666666|12.197767214217468|-3.8279190335296467|15.496598106527165|-0.5780423616762457
0.3333333333333333|12.303827250619225|-2.522347705554053|15.238520311528287|-0.7438883669665417
0.3333333333333333|13.153835628348803|-2.30257069177109|15.209405386469006|-0.7424670836913986
0.3333333333333333|13.163910769674526|-1.6848556748470769|15.17750719863939|-0.7409099317915637
0.6666666666666666|12.947109710091478|-2.1010301873262853|15.398061604491486|0.04911431294174568
0.3333333333333333|12.996544290038845|-1.5802134271695871|15.257871166676564|-0.2859657675739095
0.6666666666666666|12.941634847207338|-1.8052092013511336|15.79124434752194|0.6577993985774148
0.3333333333333333|13.136308967856662|-0.9901351518885111|15.517151679611288|0.2541455589699486
0.3333333333333333|13.242372275348048|-0.9945703349866459|15.4827591468141|0.2535822655477661
0.3333333333333333|13.385417868592912|-0.29561995044807576|15.445103019874804|0.2529655197926669
0.6666666666666666|13.245621628517886|-0.6786594188202018|15.56004735267507|0.4881305534243858
0.3333333333333333|13.021889090908413|-0.3329876418632641|15.459662145883712|0.38971169684462126
0.3333333333333333|13.48249315315072|-0.415084731137246|15.420453490410829|0.3887233135597121
0.6666666666666666|13.285581303873492|-0.44667554402642345|15.551606251443223|0.9158734434246452
0.3333333333333333|13.655261068439513|-0.15722301712894746|15.443305021206827|0.6977331606788884
0.6666666666666666|13.458208374411232|-0.28650279488509306|15.722117664362383|1.3923152004573511
0.6666666666666666|13.435130531468227|-0.286011506125167|15.851519816715479|0.7936981220196473
0.6666666666666666|13.409836146639174|-0.28547303088783893|15.598792391154884|1.2877509480065485
0.3333333333333333|13.303869327451094|0.10759973838276277|15.610548627960679|1.1268446043809655
0.6666666666666666|13.312757258877411|-0.06265713295271454|15.782016235233367|1.2016902415825284
0.3333333333333333|13.820550032044006|0.02099200327803208|15.664369090369368|1.1659547740449598
0.6666666666666666|13.562616228952384|-0.015242258126783316|15.451568369911605|1.7354052972114011
0.6666666666666666|13.534647380071766|-0.01521082551769442|16.042504622547913|1.8932945774643
0.6666666666666666|13.504014579559707|-0.015176399043873362|15.871891057354262|1.8688225553702986
0.6666666666666666|13.470478255503606|-0.01513870946398277|15.752004701327163|2.0796499584268466
0.3333333333333333|13.42305181476137|-0.2726164569055377|15.751192406693171|1.948188746380006
0.3333333333333333|13.534063418438604|0.07737254083672968|15.724781872491478|1.9449221552427056
0.3333333333333333|13.754315562949671|-0.23274119080933617|15.695832391192718|1.9413415340285416
0.3333333333333333|13.910769905470081|-0.38831527241949304|15.664110827367592|1.937418047344738
0.3333333333333333|13.782129542553564|-0.21456487555543666|15.629364872435762|1.933120488364273
0.6666666666666666|13.744313389319695|-0.2432204194468067|16.227243683224632|1.919851487797404
0.3333333333333333|13.744605174446018|0.19902620806231755|15.925057138414747|1.9193261363975347
0.3333333333333333|13.738724925002925|0.5794138436247421|15.887505710561976|1.9148003481186961
0.6666666666666666|13.704477658993309|0.3201696270738706|15.878558370139606|1.340810433055643
0.3333333333333333|13.800156320777601|0.3274444557321024|15.82938847888941|1.574054866179466
0.6666666666666666|13.724602158544407|0.32342399994656007|16.314396287742543|1.8816483654506078
0.6666666666666666|13.700216553276643|0.32284934649535546|16.21800268693681|1.4647193166952452
0.6666666666666666|13.673492279621062|0.3222195816845792|16.59197127273841|1.8784763987747073
0.6666666666666666|13.644215740142938|0.32152967203231914|16.295010036724154|1.735807759329572
0.3333333333333333|13.886616432851941|-0.2897429757402138|16.294235988700674|1.7374003356124903
0.6666666666666666|13.741445228436472|-0.030729172089387725|16.30528885493466|1.8131785065958819
0.3333333333333333|13.690821356516077|0.1565049353735864|16.259322581338434|1.7752055633547097
0.6666666666666666|13.670930576991182|0.07659090468361894|16.1594136550286|1.6482254031518693
0.3333333333333333|13.687430137060483|0.14862827464772851|16.16197643811377|1.6998194785405094
0.3333333333333333|13.345253743670403|0.34984690068699814|16.13121756952407|1.6965844457357755
0.3333333333333333|13.926953575575638|-0.4219091373266719|16.097517756959515|1.6930401021315298
0.3333333333333333|14.031214825223474|0.07052167458489046|16.06061021994768|1.6891583893621853
0.3333333333333333|13.354830798348257|-0.0013076391771359667|16.02020690887892|1.6849090121022203
0.6666666666666666|13.561077519480385|-0.00841032769925127|15.539041560049961|1.756036789309829
0.3333333333333333|13.873629270582557|0.11762972878942721|15.681115296815921|1.720834556177991
0.6666666666666666|13.701628886557437|0.060941997778669155|15.578050719327106|1.8006844802955435
0.3333333333333333|13.972962489593709|0.11747006690404578|15.568533182401113|1.761633817196137
0.6666666666666666|13.818845021599302|0.09201281842503022|15.748465454184624|1.7851114706481594
0.3333333333333333|13.611734374425293|0.20520848738876887|15.622508657997518|1.7695473415467362
0.6666666666666666|13.6703866640872|0.15450765388156434|15.669346257504873|1.8809650668528441
0.3333333333333333|13.778228603602937|-0.31295244721557064|15.600513966520595|1.8282121566924165
0.6666666666666666|13.696284449778659|-0.1056371164846322|15.852377592815063|2.100097529752523
0.6666666666666666|13.670926897271588|-0.10544153798757505|16.10018657958803|2.141240069327981
0.3333333333333333|13.858078148782575|0.15810991341459277|15.895368991182048|2.0668161922379693
0.6666666666666666|13.738982056138587|0.043390263489491585|16.55239407862388|2.2123476002785845
0.6666666666666666|13.71101097021032|0.04330192559199994|16.00652736423089|2.298740368936456
0.6666666666666666|13.680374027278685|0.04320516842171728|16.064308953405416|2.509466142625537
0.3333333333333333|14.140314068779777|0.16823215951776258|16.042309530044143|2.3792706380661417
0.3333333333333333|14.057887823919534|-0.29852056477453764|16.01362775663372|2.3750167804033597
0.6666666666666666|13.963708519008161|-0.12002759019505903|16.358253886700616|2.8559675076513025
0.6666666666666666|13.933803373451063|-0.11977053509033776|16.32259367308341|1.9887655211098674
0.6666666666666666|13.901055311565058|-0.11948904318248353|15.714260133584185|2.169980246604208
0.3333333333333333|13.917328850387586|0.7707860914945259|15.918304767633273|2.212863459138866
0.3333333333333333|14.121156175336044|0.2676152260232156|15.89074258262359|2.2090319360619897
0.3333333333333333|14.657197715330225|0.3785287421703073|15.860534210368895|2.2048325565364504
0.6666666666666666|14.336884668260511|0.35378382319876545|16.08280662238446|2.210253782200557
0.3333333333333333|14.034264921986916|0.15385661590511354|15.941860415254846|2.2017290893503176
0.3333333333333333|14.16791326324388|-0.14070311662917542|15.908689674538556|2.1971478809563174
0.6666666666666666|14.125747540950002|0.027666115809436544|16.689599221119355|2.4979559509629725
0.3333333333333333|14.275724586834976|-0.18210671040793885|16.30775508693879|2.3627109563468744
0.6666666666666666|14.173218978017754|-0.08947935894645453|16.00787031118635|2.3613887384536905
0.3333333333333333|14.297804218416825|0.11679441683460362|16.088191008699734|2.3549494273956504
0.3333333333333333|13.880515824213077|0.022101693171135698|16.052717793791377|2.3497569463335384
0.3333333333333333|14.23821024749588|0.34258703934448054|16.013877498478887|2.3440716004076627
0.3333333333333333|14.144783411480777|0.6376722049488222|15.971369681718718|2.3378494118045396
0.6666666666666666|14.108302947095337|0.4380192918612039|15.884509622158426|2.558517152234566
0.3333333333333333|13.880422446738399|0.3301636054233042|15.861541359205157|2.460129744995974
0.6666666666666666|13.951485926179668|0.3778904503274529|15.918622492403943|2.067064921526591
0.3333333333333333|14.326532061288255|0.37871324624637986|15.840171156971754|2.2210350571295994
0.3333333333333333|13.97792706483916|0.23757542499520362|15.799454500334535|2.215325957088684
0.3333333333333333|13.939956025623284|0.3034018799786376|15.754907262976873|2.2090797508520743
0.3333333333333333|14.041532012374594|0.5503595940513071|15.706194547349961|2.202249480644562
0.6666666666666666|13.984021920631788|0.4357748701790692|15.124598398313054|1.9074540482167381
0.6666666666666666|13.962894461240637|0.4351164890691391|15.499911724339984|1.8650802149439891
0.3333333333333333|14.079987353028809|-0.09410689711371059|15.37657025254464|1.921640934609932
